old,new,folder,use,decision,reason,w,h,bytes,date,brightness,dup
/Volumes/AM ARFF/CRASH CHARTS/AIRBUS/ARFC_A380 crash chart_001.png,/Volumes/AM ARFF/CRASH CHARTS/AIRBUS/ART10-REFERENCE-a380-crash-chart-001.png,CRASH CHARTS,ART10-REFERENCE,USE,Manufacturer emergency chart; verify rights before publishing,2384,1684,1075068,,243.3,
/Volumes/AM ARFF/CRASH CHARTS/AIRBUS/ARFC_A380 crash chart_002.png,/Volumes/AM ARFF/CRASH CHARTS/AIRBUS/ART10-REFERENCE-a380-crash-chart-002.png,CRASH CHARTS,ART10-REFERENCE,USE,Manufacturer emergency chart; verify rights before publishing,2384,1684,1253378,,235.1,
/Volumes/AM ARFF/CRASH CHARTS/CRJ/CH850CCC-MAST-R02-11NOV2010.jpg,/Volumes/AM ARFF/CRASH CHARTS/CRJ/ART10-REFERENCE-ch850-chart-001.jpg,CRASH CHARTS,ART10-REFERENCE,USE,Manufacturer emergency chart; verify rights before publishing,1224,792,234469,,231.6,
/Volumes/AM ARFF/CRASH CHARTS/CRJ/CH850CCCC-MAST-R02-11NOV2010.jpg,/Volumes/AM ARFF/CRASH CHARTS/CRJ/ART10-REFERENCE-ch850-chart-002.jpg,CRASH CHARTS,ART10-REFERENCE,USE,Manufacturer emergency chart; verify rights before publishing,1224,792,270514,,224.4,
/Volumes/AM ARFF/CRASH CHARTS/CRJ/CRJ200CCC-MAST-R02-11NOV2010.jpg,/Volumes/AM ARFF/CRASH CHARTS/CRJ/ART10-REFERENCE-crj200-chart-001.jpg,CRASH CHARTS,ART10-REFERENCE,USE,Manufacturer emergency chart; verify rights before publishing,1224,792,240854,,229.2,
/Volumes/AM ARFF/CRASH CHARTS/CRJ/CRJ200CCCc-MAST-R02-11NOV2010.jpg,/Volumes/AM ARFF/CRASH CHARTS/CRJ/ART10-REFERENCE-crj200-chart-002.jpg,CRASH CHARTS,ART10-REFERENCE,USE,Manufacturer emergency chart; verify rights before publishing,1224,792,280597,,222.9,
/Volumes/AM ARFF/CRASH CHARTS/CRJ/CRJ700CCC-MAST-R01-11NOV2010.jpg,/Volumes/AM ARFF/CRASH CHARTS/CRJ/ART10-REFERENCE-crj700-chart-001.jpg,CRASH CHARTS,ART10-REFERENCE,USE,Manufacturer emergency chart; verify rights before publishing,792,1224,323353,,218.9,
/Volumes/AM ARFF/CRASH CHARTS/CRJ/PC12-V12Rescue_020318.jpg,/Volumes/AM ARFF/CRASH CHARTS/CRJ/ART10-REFERENCE-pc12-rescue-001.jpg,CRASH CHARTS,ART10-REFERENCE,USE,Manufacturer rescue chart; verify rights before publishing,841,595,140795,,229.9,
/Volumes/AM ARFF/CRASH CHARTS/CRJ/PC12-V2Rescue_020318.jpg,/Volumes/AM ARFF/CRASH CHARTS/CRJ/ART10-REFERENCE-pc12-rescue-002.jpg,CRASH CHARTS,ART10-REFERENCE,USE,Manufacturer rescue chart; verify rights before publishing,841,595,152619,,228.7,
/Volumes/AM ARFF/CRASH CHARTS/CRJ/erj200.jpg,/Volumes/AM ARFF/CRASH CHARTS/CRJ/ART10-REFERENCE-erj200-chart-001.jpg,CRASH CHARTS,ART10-REFERENCE,USE,Manufacturer emergency chart; verify rights before publishing,834,540,157753,,222.7,
/Volumes/AM ARFF/CRASH CHARTS/Q RESONSE/Screenshot_2019-04-14-11-11-04.PNG,/Volumes/AM ARFF/CRASH CHARTS/Q RESONSE/EXCLUDE-SCREENSHOT-app-screenshot-001.png,CRASH CHARTS,EXCLUDE-SCREENSHOT,EXCLUDE,"Phone screenshots of a reference app; third-hand, not shippable",1600,2560,2720171,,75.5,
/Volumes/AM ARFF/CRASH CHARTS/Q RESONSE/Screenshot_2019-04-14-11-12-12.PNG,/Volumes/AM ARFF/CRASH CHARTS/Q RESONSE/EXCLUDE-SCREENSHOT-app-screenshot-002.png,CRASH CHARTS,EXCLUDE-SCREENSHOT,EXCLUDE,"Phone screenshots of a reference app; third-hand, not shippable",1600,2560,909492,,36.3,
/Volumes/AM ARFF/CRASH CHARTS/Q RESONSE/Screenshot_2019-04-14-11-12-16.PNG,/Volumes/AM ARFF/CRASH CHARTS/Q RESONSE/EXCLUDE-SCREENSHOT-app-screenshot-003.png,CRASH CHARTS,EXCLUDE-SCREENSHOT,EXCLUDE,"Phone screenshots of a reference app; third-hand, not shippable",1600,2560,887965,,35.9,
/Volumes/AM ARFF/CRASH CHARTS/Q RESONSE/Screenshot_2019-04-14-11-12-19.PNG,/Volumes/AM ARFF/CRASH CHARTS/Q RESONSE/EXCLUDE-SCREENSHOT-app-screenshot-004.png,CRASH CHARTS,EXCLUDE-SCREENSHOT,EXCLUDE,"Phone screenshots of a reference app; third-hand, not shippable",1600,2560,1009600,,37.9,
/Volumes/AM ARFF/CRASH CHARTS/Q RESONSE/Screenshot_2019-04-14-11-12-22.PNG,/Volumes/AM ARFF/CRASH CHARTS/Q RESONSE/EXCLUDE-SCREENSHOT-app-screenshot-005.png,CRASH CHARTS,EXCLUDE-SCREENSHOT,EXCLUDE,"Phone screenshots of a reference app; third-hand, not shippable",1600,2560,1966936,,100.3,
/Volumes/AM ARFF/CRASH CHARTS/Q RESONSE/Screenshot_2019-04-14-11-12-35.PNG,/Volumes/AM ARFF/CRASH CHARTS/Q RESONSE/EXCLUDE-SCREENSHOT-app-screenshot-006.png,CRASH CHARTS,EXCLUDE-SCREENSHOT,EXCLUDE,"Phone screenshots of a reference app; third-hand, not shippable",1600,2560,1934712,,122.1,
/Volumes/AM ARFF/CRASH CHARTS/Q RESONSE/Screenshot_2019-04-14-11-12-39.PNG,/Volumes/AM ARFF/CRASH CHARTS/Q RESONSE/EXCLUDE-SCREENSHOT-app-screenshot-007.png,CRASH CHARTS,EXCLUDE-SCREENSHOT,EXCLUDE,"Phone screenshots of a reference app; third-hand, not shippable",1600,2560,1775073,,173.5,
/Volumes/AM ARFF/CRASH CHARTS/Q RESONSE/Screenshot_2019-04-14-11-12-46.PNG,/Volumes/AM ARFF/CRASH CHARTS/Q RESONSE/EXCLUDE-SCREENSHOT-app-screenshot-008.png,CRASH CHARTS,EXCLUDE-SCREENSHOT,EXCLUDE,"Phone screenshots of a reference app; third-hand, not shippable",1600,2560,2712416,,73.3,
/Volumes/AM ARFF/CRASH CHARTS/Q RESONSE/Screenshot_2019-04-14-11-12-53.PNG,/Volumes/AM ARFF/CRASH CHARTS/Q RESONSE/EXCLUDE-SCREENSHOT-app-screenshot-009.png,CRASH CHARTS,EXCLUDE-SCREENSHOT,EXCLUDE,"Phone screenshots of a reference app; third-hand, not shippable",1600,2560,1984946,,117.3,
/Volumes/AM ARFF/CRASH CHARTS/Q RESONSE/Screenshot_2019-04-14-11-13-02.PNG,/Volumes/AM ARFF/CRASH CHARTS/Q RESONSE/EXCLUDE-SCREENSHOT-app-screenshot-010.png,CRASH CHARTS,EXCLUDE-SCREENSHOT,EXCLUDE,"Phone screenshots of a reference app; third-hand, not shippable",1600,2560,1155759,,140.2,
/Volumes/AM ARFF/CRASH CHARTS/Q RESONSE/Screenshot_2019-04-14-11-14-12.PNG,/Volumes/AM ARFF/CRASH CHARTS/Q RESONSE/EXCLUDE-SCREENSHOT-app-screenshot-011.png,CRASH CHARTS,EXCLUDE-SCREENSHOT,EXCLUDE,"Phone screenshots of a reference app; third-hand, not shippable",1600,2560,2758106,,76.8,
/Volumes/AM ARFF/CRASH CHARTS/Q RESONSE/Screenshot_2019-04-14-11-14-22.PNG,/Volumes/AM ARFF/CRASH CHARTS/Q RESONSE/EXCLUDE-SCREENSHOT-app-screenshot-012.png,CRASH CHARTS,EXCLUDE-SCREENSHOT,EXCLUDE,"Phone screenshots of a reference app; third-hand, not shippable",1600,2560,2740568,,119.3,
/Volumes/AM ARFF/CRASH CHARTS/Q RESONSE/Screenshot_2019-04-14-11-14-34.PNG,/Volumes/AM ARFF/CRASH CHARTS/Q RESONSE/EXCLUDE-SCREENSHOT-app-screenshot-013.png,CRASH CHARTS,EXCLUDE-SCREENSHOT,EXCLUDE,"Phone screenshots of a reference app; third-hand, not shippable",1600,2560,980073,,132.2,
/Volumes/AM ARFF/CRASH CHARTS/Q RESONSE/Screenshot_2019-04-14-11-15-03.PNG,/Volumes/AM ARFF/CRASH CHARTS/Q RESONSE/EXCLUDE-SCREENSHOT-app-screenshot-014.png,CRASH CHARTS,EXCLUDE-SCREENSHOT,EXCLUDE,"Phone screenshots of a reference app; third-hand, not shippable",1600,2560,2841249,,85.4,
/Volumes/AM ARFF/CRASH CHARTS/Q RESONSE/Screenshot_2019-04-14-11-15-31.PNG,/Volumes/AM ARFF/CRASH CHARTS/Q RESONSE/EXCLUDE-SCREENSHOT-app-screenshot-015.png,CRASH CHARTS,EXCLUDE-SCREENSHOT,EXCLUDE,"Phone screenshots of a reference app; third-hand, not shippable",1600,2560,3070936,,86.5,
/Volumes/AM ARFF/CRASH CHARTS/Q RESONSE/Screenshot_2019-04-14-11-15-41.PNG,/Volumes/AM ARFF/CRASH CHARTS/Q RESONSE/EXCLUDE-SCREENSHOT-app-screenshot-016.png,CRASH CHARTS,EXCLUDE-SCREENSHOT,EXCLUDE,"Phone screenshots of a reference app; third-hand, not shippable",1600,2560,2192059,,96.4,
/Volumes/AM ARFF/CRASH CHARTS/Q RESONSE/Screenshot_2019-04-14-11-15-54.PNG,/Volumes/AM ARFF/CRASH CHARTS/Q RESONSE/EXCLUDE-SCREENSHOT-app-screenshot-017.png,CRASH CHARTS,EXCLUDE-SCREENSHOT,EXCLUDE,"Phone screenshots of a reference app; third-hand, not shippable",1600,2560,3707304,,95.9,
/Volumes/AM ARFF/CRASH CHARTS/Q RESONSE/Screenshot_2019-04-14-11-15-58.PNG,/Volumes/AM ARFF/CRASH CHARTS/Q RESONSE/EXCLUDE-SCREENSHOT-app-screenshot-018.png,CRASH CHARTS,EXCLUDE-SCREENSHOT,EXCLUDE,"Phone screenshots of a reference app; third-hand, not shippable",1600,2560,4088729,,93.4,
/Volumes/AM ARFF/CRASH CHARTS/Q RESONSE/Screenshot_2019-04-14-11-16-03.PNG,/Volumes/AM ARFF/CRASH CHARTS/Q RESONSE/EXCLUDE-SCREENSHOT-app-screenshot-019.png,CRASH CHARTS,EXCLUDE-SCREENSHOT,EXCLUDE,"Phone screenshots of a reference app; third-hand, not shippable",1600,2560,1216081,,37.0,
/Volumes/AM ARFF/CRASH CHARTS/Q RESONSE/Screenshot_2019-04-14-11-16-10.PNG,/Volumes/AM ARFF/CRASH CHARTS/Q RESONSE/EXCLUDE-SCREENSHOT-app-screenshot-020.png,CRASH CHARTS,EXCLUDE-SCREENSHOT,EXCLUDE,"Phone screenshots of a reference app; third-hand, not shippable",1600,2560,2272188,,73.1,
/Volumes/AM ARFF/CRASH CHARTS/Q RESONSE/Screenshot_2019-04-14-11-16-26.PNG,/Volumes/AM ARFF/CRASH CHARTS/Q RESONSE/EXCLUDE-SCREENSHOT-app-screenshot-021.png,CRASH CHARTS,EXCLUDE-SCREENSHOT,EXCLUDE,"Phone screenshots of a reference app; third-hand, not shippable",1600,2560,1397374,,48.7,
/Volumes/AM ARFF/CRASH CHARTS/Q RESONSE/Screenshot_2019-04-14-11-17-23.PNG,/Volumes/AM ARFF/CRASH CHARTS/Q RESONSE/EXCLUDE-SCREENSHOT-app-screenshot-022.png,CRASH CHARTS,EXCLUDE-SCREENSHOT,EXCLUDE,"Phone screenshots of a reference app; third-hand, not shippable",1600,2560,1376050,,51.8,
/Volumes/AM ARFF/CRASH CHARTS/Q RESONSE/Screenshot_2019-04-14-11-17-37.PNG,/Volumes/AM ARFF/CRASH CHARTS/Q RESONSE/EXCLUDE-SCREENSHOT-app-screenshot-023.png,CRASH CHARTS,EXCLUDE-SCREENSHOT,EXCLUDE,"Phone screenshots of a reference app; third-hand, not shippable",1600,2560,3084982,,86.3,
/Volumes/AM ARFF/CRASH CHARTS/Q RESONSE/Screenshot_2019-04-14-11-17-53.PNG,/Volumes/AM ARFF/CRASH CHARTS/Q RESONSE/EXCLUDE-SCREENSHOT-app-screenshot-024.png,CRASH CHARTS,EXCLUDE-SCREENSHOT,EXCLUDE,"Phone screenshots of a reference app; third-hand, not shippable",1600,2560,2198271,,66.6,
/Volumes/AM ARFF/CRASH CHARTS/Q RESONSE/Screenshot_2019-04-14-11-17-59.PNG,/Volumes/AM ARFF/CRASH CHARTS/Q RESONSE/EXCLUDE-SCREENSHOT-app-screenshot-025.png,CRASH CHARTS,EXCLUDE-SCREENSHOT,EXCLUDE,"Phone screenshots of a reference app; third-hand, not shippable",1600,2560,1592685,,56.8,
/Volumes/AM ARFF/CRASH CHARTS/Q RESONSE/Screenshot_2019-04-14-11-18-04.PNG,/Volumes/AM ARFF/CRASH CHARTS/Q RESONSE/EXCLUDE-SCREENSHOT-app-screenshot-026.png,CRASH CHARTS,EXCLUDE-SCREENSHOT,EXCLUDE,"Phone screenshots of a reference app; third-hand, not shippable",1600,2560,2361941,,68.9,
/Volumes/AM ARFF/CRASH CHARTS/Q RESONSE/Screenshot_2019-04-14-11-18-16.PNG,/Volumes/AM ARFF/CRASH CHARTS/Q RESONSE/EXCLUDE-SCREENSHOT-app-screenshot-027.png,CRASH CHARTS,EXCLUDE-SCREENSHOT,EXCLUDE,"Phone screenshots of a reference app; third-hand, not shippable",1600,2560,1448198,,101.4,
/Volumes/AM ARFF/CRASH CHARTS/Q RESONSE/Screenshot_2019-04-14-11-18-29.PNG,/Volumes/AM ARFF/CRASH CHARTS/Q RESONSE/EXCLUDE-SCREENSHOT-app-screenshot-028.png,CRASH CHARTS,EXCLUDE-SCREENSHOT,EXCLUDE,"Phone screenshots of a reference app; third-hand, not shippable",1600,2560,1963974,,100.3,
/Volumes/AM ARFF/CRASH CHARTS/Q RESONSE/Screenshot_2019-04-14-11-18-44.PNG,/Volumes/AM ARFF/CRASH CHARTS/Q RESONSE/EXCLUDE-SCREENSHOT-app-screenshot-029.png,CRASH CHARTS,EXCLUDE-SCREENSHOT,EXCLUDE,"Phone screenshots of a reference app; third-hand, not shippable",1600,2560,1908001,,123.3,
/Volumes/AM ARFF/CRASH CHARTS/Q RESONSE/Screenshot_2019-04-14-11-18-50.PNG,/Volumes/AM ARFF/CRASH CHARTS/Q RESONSE/EXCLUDE-SCREENSHOT-app-screenshot-030.png,CRASH CHARTS,EXCLUDE-SCREENSHOT,EXCLUDE,"Phone screenshots of a reference app; third-hand, not shippable",1600,2560,1761123,,177.7,
/Volumes/AM ARFF/CRASH CHARTS/Q RESONSE/Screenshot_2019-04-14-11-18-55.PNG,/Volumes/AM ARFF/CRASH CHARTS/Q RESONSE/EXCLUDE-SCREENSHOT-app-screenshot-031.png,CRASH CHARTS,EXCLUDE-SCREENSHOT,EXCLUDE,"Phone screenshots of a reference app; third-hand, not shippable",1600,2560,2782255,,79.1,
/Volumes/AM ARFF/CRASH CHARTS/Q RESONSE/Screenshot_2019-04-14-11-19-02.PNG,/Volumes/AM ARFF/CRASH CHARTS/Q RESONSE/EXCLUDE-SCREENSHOT-app-screenshot-032.png,CRASH CHARTS,EXCLUDE-SCREENSHOT,EXCLUDE,"Phone screenshots of a reference app; third-hand, not shippable",1600,2560,3169174,,83.9,
/Volumes/AM ARFF/CRASH CHARTS/Q RESONSE/Screenshot_2019-04-14-11-19-11.PNG,/Volumes/AM ARFF/CRASH CHARTS/Q RESONSE/EXCLUDE-SCREENSHOT-app-screenshot-033.png,CRASH CHARTS,EXCLUDE-SCREENSHOT,EXCLUDE,"Phone screenshots of a reference app; third-hand, not shippable",1600,2560,2995958,,78.7,
/Volumes/AM ARFF/CRASH CHARTS/Q RESONSE/Screenshot_2019-04-14-11-19-16.PNG,/Volumes/AM ARFF/CRASH CHARTS/Q RESONSE/EXCLUDE-SCREENSHOT-app-screenshot-034.png,CRASH CHARTS,EXCLUDE-SCREENSHOT,EXCLUDE,"Phone screenshots of a reference app; third-hand, not shippable",1600,2560,3132480,,85.2,
/Volumes/AM ARFF/CRASH CHARTS/Q RESONSE/Screenshot_2019-04-14-11-19-22.PNG,/Volumes/AM ARFF/CRASH CHARTS/Q RESONSE/EXCLUDE-SCREENSHOT-app-screenshot-035.png,CRASH CHARTS,EXCLUDE-SCREENSHOT,EXCLUDE,"Phone screenshots of a reference app; third-hand, not shippable",1600,2560,2930431,,82.0,
/Volumes/AM ARFF/CRASH CHARTS/Q RESONSE/Screenshot_2019-04-14-11-19-29.PNG,/Volumes/AM ARFF/CRASH CHARTS/Q RESONSE/EXCLUDE-SCREENSHOT-app-screenshot-036.png,CRASH CHARTS,EXCLUDE-SCREENSHOT,EXCLUDE,"Phone screenshots of a reference app; third-hand, not shippable",1600,2560,3150676,,76.0,
/Volumes/AM ARFF/CRASH CHARTS/Q RESONSE/Screenshot_2019-04-14-11-19-35.PNG,/Volumes/AM ARFF/CRASH CHARTS/Q RESONSE/EXCLUDE-SCREENSHOT-app-screenshot-037.png,CRASH CHARTS,EXCLUDE-SCREENSHOT,EXCLUDE,"Phone screenshots of a reference app; third-hand, not shippable",1600,2560,2725563,,75.7,
/Volumes/AM ARFF/CRASH CHARTS/Q RESONSE/Screenshot_2019-04-14-11-19-41.PNG,/Volumes/AM ARFF/CRASH CHARTS/Q RESONSE/EXCLUDE-SCREENSHOT-app-screenshot-038.png,CRASH CHARTS,EXCLUDE-SCREENSHOT,EXCLUDE,"Phone screenshots of a reference app; third-hand, not shippable",1600,2560,2846673,,85.6,
/Volumes/AM ARFF/CRASH CHARTS/Q RESONSE/Screenshot_2019-04-14-11-19-45.PNG,/Volumes/AM ARFF/CRASH CHARTS/Q RESONSE/EXCLUDE-SCREENSHOT-app-screenshot-039.png,CRASH CHARTS,EXCLUDE-SCREENSHOT,EXCLUDE,"Phone screenshots of a reference app; third-hand, not shippable",1600,2560,3075239,,86.6,
/Volumes/AM ARFF/CRASH CHARTS/Q RESONSE/Screenshot_2019-04-14-11-19-49.PNG,/Volumes/AM ARFF/CRASH CHARTS/Q RESONSE/EXCLUDE-SCREENSHOT-app-screenshot-040.png,CRASH CHARTS,EXCLUDE-SCREENSHOT,EXCLUDE,"Phone screenshots of a reference app; third-hand, not shippable",1600,2560,2199022,,96.7,
/Volumes/AM ARFF/CRASH CHARTS/Q RESONSE/Screenshot_2019-04-14-11-19-55.PNG,/Volumes/AM ARFF/CRASH CHARTS/Q RESONSE/EXCLUDE-SCREENSHOT-app-screenshot-041.png,CRASH CHARTS,EXCLUDE-SCREENSHOT,EXCLUDE,"Phone screenshots of a reference app; third-hand, not shippable",1600,2560,4173892,,102.5,
/Volumes/AM ARFF/CRASH CHARTS/Q RESONSE/Screenshot_2019-04-14-11-21-07.PNG,/Volumes/AM ARFF/CRASH CHARTS/Q RESONSE/EXCLUDE-SCREENSHOT-app-screenshot-042.png,CRASH CHARTS,EXCLUDE-SCREENSHOT,EXCLUDE,"Phone screenshots of a reference app; third-hand, not shippable",1600,2560,1218716,,37.1,
/Volumes/AM ARFF/CRASH CHARTS/Q RESONSE/Screenshot_2019-04-14-11-21-21.PNG,/Volumes/AM ARFF/CRASH CHARTS/Q RESONSE/EXCLUDE-SCREENSHOT-app-screenshot-043.png,CRASH CHARTS,EXCLUDE-SCREENSHOT,EXCLUDE,"Phone screenshots of a reference app; third-hand, not shippable",1600,2560,2273878,,73.2,
/Volumes/AM ARFF/CRASH CHARTS/Q RESONSE/Screenshot_2019-04-14-11-21-27.PNG,/Volumes/AM ARFF/CRASH CHARTS/Q RESONSE/EXCLUDE-SCREENSHOT-app-screenshot-044.png,CRASH CHARTS,EXCLUDE-SCREENSHOT,EXCLUDE,"Phone screenshots of a reference app; third-hand, not shippable",1600,2560,1416559,,49.3,
/Volumes/AM ARFF/CRASH CHARTS/Q RESONSE/Screenshot_2019-04-14-11-21-42.PNG,/Volumes/AM ARFF/CRASH CHARTS/Q RESONSE/EXCLUDE-SCREENSHOT-app-screenshot-045.png,CRASH CHARTS,EXCLUDE-SCREENSHOT,EXCLUDE,"Phone screenshots of a reference app; third-hand, not shippable",1600,2560,3312223,,80.4,
/Volumes/AM ARFF/CRASH CHARTS/Q RESONSE/Screenshot_2019-04-14-11-21-46.PNG,/Volumes/AM ARFF/CRASH CHARTS/Q RESONSE/EXCLUDE-SCREENSHOT-app-screenshot-046.png,CRASH CHARTS,EXCLUDE-SCREENSHOT,EXCLUDE,"Phone screenshots of a reference app; third-hand, not shippable",1600,2560,3299162,,84.4,
/Volumes/AM ARFF/CRASH CHARTS/Q RESONSE/Screenshot_2019-04-14-11-21-55.PNG,/Volumes/AM ARFF/CRASH CHARTS/Q RESONSE/EXCLUDE-SCREENSHOT-app-screenshot-047.png,CRASH CHARTS,EXCLUDE-SCREENSHOT,EXCLUDE,"Phone screenshots of a reference app; third-hand, not shippable",1600,2560,3277823,,87.6,
/Volumes/AM ARFF/CRASH CHARTS/Q RESONSE/Screenshot_2019-04-14-11-22-12.PNG,/Volumes/AM ARFF/CRASH CHARTS/Q RESONSE/EXCLUDE-SCREENSHOT-app-screenshot-048.png,CRASH CHARTS,EXCLUDE-SCREENSHOT,EXCLUDE,"Phone screenshots of a reference app; third-hand, not shippable",1600,2560,3026629,,87.0,
/Volumes/AM ARFF/CRASH CHARTS/Q RESONSE/Screenshot_2019-04-14-11-22-22.PNG,/Volumes/AM ARFF/CRASH CHARTS/Q RESONSE/EXCLUDE-SCREENSHOT-app-screenshot-049.png,CRASH CHARTS,EXCLUDE-SCREENSHOT,EXCLUDE,"Phone screenshots of a reference app; third-hand, not shippable",1600,2560,2199254,,66.6,
/Volumes/AM ARFF/CRASH CHARTS/Q RESONSE/Screenshot_2019-04-14-11-22-38.PNG,/Volumes/AM ARFF/CRASH CHARTS/Q RESONSE/EXCLUDE-SCREENSHOT-app-screenshot-050.png,CRASH CHARTS,EXCLUDE-SCREENSHOT,EXCLUDE,"Phone screenshots of a reference app; third-hand, not shippable",1600,2560,1593218,,56.9,
/Volumes/AM ARFF/CRASH CHARTS/Q RESONSE/Screenshot_2019-04-14-11-22-44.PNG,/Volumes/AM ARFF/CRASH CHARTS/Q RESONSE/EXCLUDE-SCREENSHOT-app-screenshot-051.png,CRASH CHARTS,EXCLUDE-SCREENSHOT,EXCLUDE,"Phone screenshots of a reference app; third-hand, not shippable",1600,2560,1631803,,47.7,
/Volumes/AM ARFF/CRASH CHARTS/Q RESONSE/Screenshot_2019-04-14-11-22-48.PNG,/Volumes/AM ARFF/CRASH CHARTS/Q RESONSE/EXCLUDE-SCREENSHOT-app-screenshot-052.png,CRASH CHARTS,EXCLUDE-SCREENSHOT,EXCLUDE,"Phone screenshots of a reference app; third-hand, not shippable",1600,2560,2363160,,68.9,
/Volumes/AM ARFF/CRASH CHARTS/Q RESONSE/Screenshot_2019-04-14-11-22-53.PNG,/Volumes/AM ARFF/CRASH CHARTS/Q RESONSE/EXCLUDE-SCREENSHOT-app-screenshot-053.png,CRASH CHARTS,EXCLUDE-SCREENSHOT,EXCLUDE,"Phone screenshots of a reference app; third-hand, not shippable",1600,2560,1446231,,101.3,
/Volumes/AM ARFF/CRASH CHARTS/Q RESONSE/Screenshot_2019-04-14-11-23-11.PNG,/Volumes/AM ARFF/CRASH CHARTS/Q RESONSE/EXCLUDE-SCREENSHOT-app-screenshot-054.png,CRASH CHARTS,EXCLUDE-SCREENSHOT,EXCLUDE,"Phone screenshots of a reference app; third-hand, not shippable",1600,2560,1962595,,100.3,
/Volumes/AM ARFF/CRASH CHARTS/Q RESONSE/Screenshot_2019-04-14-11-23-15.PNG,/Volumes/AM ARFF/CRASH CHARTS/Q RESONSE/EXCLUDE-SCREENSHOT-app-screenshot-055.png,CRASH CHARTS,EXCLUDE-SCREENSHOT,EXCLUDE,"Phone screenshots of a reference app; third-hand, not shippable",1600,2560,1937279,,119.4,
/Volumes/AM ARFF/CRASH CHARTS/Q RESONSE/Screenshot_2019-04-14-11-23-21.PNG,/Volumes/AM ARFF/CRASH CHARTS/Q RESONSE/EXCLUDE-SCREENSHOT-app-screenshot-056.png,CRASH CHARTS,EXCLUDE-SCREENSHOT,EXCLUDE,"Phone screenshots of a reference app; third-hand, not shippable",1600,2560,1798680,,168.0,
/Volumes/AM ARFF/CRASH CHARTS/Q RESONSE/Screenshot_2019-04-14-11-23-24.PNG,/Volumes/AM ARFF/CRASH CHARTS/Q RESONSE/EXCLUDE-SCREENSHOT-app-screenshot-057.png,CRASH CHARTS,EXCLUDE-SCREENSHOT,EXCLUDE,"Phone screenshots of a reference app; third-hand, not shippable",1600,2560,1778067,,173.6,
/Volumes/AM ARFF/CRASH CHARTS/Q RESONSE/Screenshot_2019-04-14-11-23-32.PNG,/Volumes/AM ARFF/CRASH CHARTS/Q RESONSE/EXCLUDE-SCREENSHOT-app-screenshot-058.png,CRASH CHARTS,EXCLUDE-SCREENSHOT,EXCLUDE,"Phone screenshots of a reference app; third-hand, not shippable",1600,2560,2607589,,80.1,
/Volumes/AM ARFF/CRASH CHARTS/Q RESONSE/Screenshot_2019-04-14-11-23-37.PNG,/Volumes/AM ARFF/CRASH CHARTS/Q RESONSE/EXCLUDE-SCREENSHOT-app-screenshot-059.png,CRASH CHARTS,EXCLUDE-SCREENSHOT,EXCLUDE,"Phone screenshots of a reference app; third-hand, not shippable",1600,2560,2797791,,85.5,
/Volumes/AM ARFF/CRASH CHARTS/Q RESONSE/Screenshot_2019-04-14-11-23-46.PNG,/Volumes/AM ARFF/CRASH CHARTS/Q RESONSE/EXCLUDE-SCREENSHOT-app-screenshot-060.png,CRASH CHARTS,EXCLUDE-SCREENSHOT,EXCLUDE,"Phone screenshots of a reference app; third-hand, not shippable",1600,2560,2885750,,87.3,
/Volumes/AM ARFF/CRASH CHARTS/Q RESONSE/Screenshot_2019-04-14-11-23-51.PNG,/Volumes/AM ARFF/CRASH CHARTS/Q RESONSE/EXCLUDE-SCREENSHOT-app-screenshot-061.png,CRASH CHARTS,EXCLUDE-SCREENSHOT,EXCLUDE,"Phone screenshots of a reference app; third-hand, not shippable",1600,2560,2926377,,91.1,
/Volumes/AM ARFF/CRASH CHARTS/Q RESONSE/Screenshot_2019-04-14-11-23-58.PNG,/Volumes/AM ARFF/CRASH CHARTS/Q RESONSE/EXCLUDE-SCREENSHOT-app-screenshot-062.png,CRASH CHARTS,EXCLUDE-SCREENSHOT,EXCLUDE,"Phone screenshots of a reference app; third-hand, not shippable",1600,2560,2796937,,83.1,
/Volumes/AM ARFF/CRASH CHARTS/Q RESONSE/Screenshot_2019-04-14-11-24-04.PNG,/Volumes/AM ARFF/CRASH CHARTS/Q RESONSE/EXCLUDE-SCREENSHOT-app-screenshot-063.png,CRASH CHARTS,EXCLUDE-SCREENSHOT,EXCLUDE,"Phone screenshots of a reference app; third-hand, not shippable",1600,2560,2753284,,78.6,
/Volumes/AM ARFF/CRASH CHARTS/Q RESONSE/Screenshot_2019-04-14-11-24-08.PNG,/Volumes/AM ARFF/CRASH CHARTS/Q RESONSE/EXCLUDE-SCREENSHOT-app-screenshot-064.png,CRASH CHARTS,EXCLUDE-SCREENSHOT,EXCLUDE,"Phone screenshots of a reference app; third-hand, not shippable",1600,2560,2816822,,87.2,
/Volumes/AM ARFF/CRASH CHARTS/Q RESONSE/Screenshot_2019-04-14-11-24-15.PNG,/Volumes/AM ARFF/CRASH CHARTS/Q RESONSE/EXCLUDE-SCREENSHOT-app-screenshot-065.png,CRASH CHARTS,EXCLUDE-SCREENSHOT,EXCLUDE,"Phone screenshots of a reference app; third-hand, not shippable",1600,2560,2724668,,75.6,
/Volumes/AM ARFF/CRASH CHARTS/Q RESONSE/Screenshot_2019-04-14-11-24-21.PNG,/Volumes/AM ARFF/CRASH CHARTS/Q RESONSE/EXCLUDE-SCREENSHOT-app-screenshot-066.png,CRASH CHARTS,EXCLUDE-SCREENSHOT,EXCLUDE,"Phone screenshots of a reference app; third-hand, not shippable",1600,2560,2845598,,85.5,
/Volumes/AM ARFF/CRASH CHARTS/Q RESONSE/Screenshot_2019-04-14-11-24-25.PNG,/Volumes/AM ARFF/CRASH CHARTS/Q RESONSE/EXCLUDE-SCREENSHOT-app-screenshot-067.png,CRASH CHARTS,EXCLUDE-SCREENSHOT,EXCLUDE,"Phone screenshots of a reference app; third-hand, not shippable",1600,2560,3073789,,86.6,
/Volumes/AM ARFF/CRASH CHARTS/Q RESONSE/Screenshot_2019-04-14-11-24-31.PNG,/Volumes/AM ARFF/CRASH CHARTS/Q RESONSE/EXCLUDE-SCREENSHOT-app-screenshot-068.png,CRASH CHARTS,EXCLUDE-SCREENSHOT,EXCLUDE,"Phone screenshots of a reference app; third-hand, not shippable",1600,2560,2196118,,96.6,
/Volumes/AM ARFF/CRASH CHARTS/Q RESONSE/Screenshot_2019-04-14-11-24-35.PNG,/Volumes/AM ARFF/CRASH CHARTS/Q RESONSE/EXCLUDE-SCREENSHOT-app-screenshot-069.png,CRASH CHARTS,EXCLUDE-SCREENSHOT,EXCLUDE,"Phone screenshots of a reference app; third-hand, not shippable",1600,2560,4092490,,93.5,
/Volumes/AM ARFF/CRASH CHARTS/Q RESONSE/Screenshot_2019-04-14-11-24-41.PNG,/Volumes/AM ARFF/CRASH CHARTS/Q RESONSE/EXCLUDE-SCREENSHOT-app-screenshot-070.png,CRASH CHARTS,EXCLUDE-SCREENSHOT,EXCLUDE,"Phone screenshots of a reference app; third-hand, not shippable",1600,2560,1219124,,37.1,
/Volumes/AM ARFF/CRASH CHARTS/Q RESONSE/Screenshot_2019-04-14-11-24-46.PNG,/Volumes/AM ARFF/CRASH CHARTS/Q RESONSE/EXCLUDE-SCREENSHOT-app-screenshot-071.png,CRASH CHARTS,EXCLUDE-SCREENSHOT,EXCLUDE,"Phone screenshots of a reference app; third-hand, not shippable",1600,2560,2273461,,73.2,
/Volumes/AM ARFF/CRASH CHARTS/Q RESONSE/Screenshot_2019-04-14-11-24-52.PNG,/Volumes/AM ARFF/CRASH CHARTS/Q RESONSE/EXCLUDE-SCREENSHOT-app-screenshot-072.png,CRASH CHARTS,EXCLUDE-SCREENSHOT,EXCLUDE,"Phone screenshots of a reference app; third-hand, not shippable",1600,2560,1416266,,49.3,
/Volumes/AM ARFF/CRASH CHARTS/Q RESONSE/Screenshot_2019-04-14-11-25-35.PNG,/Volumes/AM ARFF/CRASH CHARTS/Q RESONSE/EXCLUDE-SCREENSHOT-app-screenshot-073.png,CRASH CHARTS,EXCLUDE-SCREENSHOT,EXCLUDE,"Phone screenshots of a reference app; third-hand, not shippable",1600,2560,1962003,,100.3,
/Volumes/AM ARFF/CRASH CHARTS/Q RESONSE/Screenshot_2019-04-14-11-25-42.PNG,/Volumes/AM ARFF/CRASH CHARTS/Q RESONSE/EXCLUDE-SCREENSHOT-app-screenshot-074.png,CRASH CHARTS,EXCLUDE-SCREENSHOT,EXCLUDE,"Phone screenshots of a reference app; third-hand, not shippable",1600,2560,1572060,,140.2,
/Volumes/AM ARFF/CRASH CHARTS/Q RESONSE/Screenshot_2019-04-14-11-25-46.PNG,/Volumes/AM ARFF/CRASH CHARTS/Q RESONSE/EXCLUDE-SCREENSHOT-app-screenshot-075.png,CRASH CHARTS,EXCLUDE-SCREENSHOT,EXCLUDE,"Phone screenshots of a reference app; third-hand, not shippable",1600,2560,1777503,,173.6,
/Volumes/AM ARFF/CRASH CHARTS/Q RESONSE/Screenshot_2019-04-14-11-25-54.PNG,/Volumes/AM ARFF/CRASH CHARTS/Q RESONSE/EXCLUDE-SCREENSHOT-app-screenshot-076.png,CRASH CHARTS,EXCLUDE-SCREENSHOT,EXCLUDE,"Phone screenshots of a reference app; third-hand, not shippable",1600,2560,3359280,,86.5,
/Volumes/AM ARFF/CRASH CHARTS/Q RESONSE/Screenshot_2019-04-14-11-26-01.PNG,/Volumes/AM ARFF/CRASH CHARTS/Q RESONSE/EXCLUDE-SCREENSHOT-app-screenshot-077.png,CRASH CHARTS,EXCLUDE-SCREENSHOT,EXCLUDE,"Phone screenshots of a reference app; third-hand, not shippable",1600,2560,3804563,,97.3,
/Volumes/AM ARFF/CRASH CHARTS/Q RESONSE/Screenshot_2019-05-26-12-34-49.PNG,/Volumes/AM ARFF/CRASH CHARTS/Q RESONSE/EXCLUDE-SCREENSHOT-app-screenshot-078.png,CRASH CHARTS,EXCLUDE-SCREENSHOT,EXCLUDE,"Phone screenshots of a reference app; third-hand, not shippable",1600,2560,2060465,,157.7,
/Volumes/AM ARFF/CRASH CHARTS/Q RESONSE/Screenshot_2019-06-14-21-02-52.PNG,/Volumes/AM ARFF/CRASH CHARTS/Q RESONSE/EXCLUDE-SCREENSHOT-app-screenshot-079.png,CRASH CHARTS,EXCLUDE-SCREENSHOT,EXCLUDE,"Phone screenshots of a reference app; third-hand, not shippable",2560,1600,506614,,31.9,
/Volumes/AM ARFF/CRASH CHARTS/Q RESONSE/Screenshot_2019-06-14-21-02-58.PNG,/Volumes/AM ARFF/CRASH CHARTS/Q RESONSE/EXCLUDE-SCREENSHOT-app-screenshot-080.png,CRASH CHARTS,EXCLUDE-SCREENSHOT,EXCLUDE,"Phone screenshots of a reference app; third-hand, not shippable",2560,1600,481566,,31.4,
/Volumes/AM ARFF/CRASH CHARTS/Q RESONSE/Screenshot_2019-06-14-21-03-06.PNG,/Volumes/AM ARFF/CRASH CHARTS/Q RESONSE/EXCLUDE-SCREENSHOT-app-screenshot-081.png,CRASH CHARTS,EXCLUDE-SCREENSHOT,EXCLUDE,"Phone screenshots of a reference app; third-hand, not shippable",2560,1600,603489,,34.1,
/Volumes/AM ARFF/CRASH CHARTS/Q RESONSE/Screenshot_2019-06-14-21-03-24.PNG,/Volumes/AM ARFF/CRASH CHARTS/Q RESONSE/EXCLUDE-SCREENSHOT-app-screenshot-082.png,CRASH CHARTS,EXCLUDE-SCREENSHOT,EXCLUDE,"Phone screenshots of a reference app; third-hand, not shippable",2560,1600,1439837,,57.8,
/Volumes/AM ARFF/CRASH CHARTS/Q RESONSE/Screenshot_2019-06-14-21-03-52.PNG,/Volumes/AM ARFF/CRASH CHARTS/Q RESONSE/EXCLUDE-SCREENSHOT-app-screenshot-083.png,CRASH CHARTS,EXCLUDE-SCREENSHOT,EXCLUDE,"Phone screenshots of a reference app; third-hand, not shippable",2560,1600,1913577,,143.6,
/Volumes/AM ARFF/CRASH CHARTS/Q RESONSE/Screenshot_2019-06-14-21-03-58.PNG,/Volumes/AM ARFF/CRASH CHARTS/Q RESONSE/EXCLUDE-SCREENSHOT-app-screenshot-084.png,CRASH CHARTS,EXCLUDE-SCREENSHOT,EXCLUDE,"Phone screenshots of a reference app; third-hand, not shippable",2560,1600,2056994,,146.3,
/Volumes/AM ARFF/CRASH CHARTS/Q RESONSE/Screenshot_2019-06-14-21-04-15.PNG,/Volumes/AM ARFF/CRASH CHARTS/Q RESONSE/EXCLUDE-SCREENSHOT-app-screenshot-085.png,CRASH CHARTS,EXCLUDE-SCREENSHOT,EXCLUDE,"Phone screenshots of a reference app; third-hand, not shippable",2560,1600,1072992,,125.8,
/Volumes/AM ARFF/CRASH CHARTS/Q RESONSE/Screenshot_2019-06-14-21-04-22.PNG,/Volumes/AM ARFF/CRASH CHARTS/Q RESONSE/EXCLUDE-SCREENSHOT-app-screenshot-086.png,CRASH CHARTS,EXCLUDE-SCREENSHOT,EXCLUDE,"Phone screenshots of a reference app; third-hand, not shippable",2560,1600,1317441,,167.7,
/Volumes/AM ARFF/CRASH CHARTS/Q RESONSE/Screenshot_2019-06-14-21-04-49.PNG,/Volumes/AM ARFF/CRASH CHARTS/Q RESONSE/EXCLUDE-SCREENSHOT-app-screenshot-087.png,CRASH CHARTS,EXCLUDE-SCREENSHOT,EXCLUDE,"Phone screenshots of a reference app; third-hand, not shippable",1600,2560,1946732,,99.8,
/Volumes/AM ARFF/CRASH CHARTS/Q RESONSE/Screenshot_2019-06-14-21-06-24.PNG,/Volumes/AM ARFF/CRASH CHARTS/Q RESONSE/EXCLUDE-SCREENSHOT-app-screenshot-088.png,CRASH CHARTS,EXCLUDE-SCREENSHOT,EXCLUDE,"Phone screenshots of a reference app; third-hand, not shippable",1600,2560,1973871,,130.8,
/Volumes/AM ARFF/CRASH CHARTS/Q RESONSE/Screenshot_2019-06-14-21-06-46.PNG,/Volumes/AM ARFF/CRASH CHARTS/Q RESONSE/EXCLUDE-SCREENSHOT-app-screenshot-089.png,CRASH CHARTS,EXCLUDE-SCREENSHOT,EXCLUDE,"Phone screenshots of a reference app; third-hand, not shippable",1600,2560,1748968,,176.2,
/Volumes/AM ARFF/CRASH CHARTS/Q RESONSE/Screenshot_2019-06-14-21-07-09.PNG,/Volumes/AM ARFF/CRASH CHARTS/Q RESONSE/EXCLUDE-SCREENSHOT-app-screenshot-090.png,CRASH CHARTS,EXCLUDE-SCREENSHOT,EXCLUDE,"Phone screenshots of a reference app; third-hand, not shippable",1600,2560,2697857,,72.8,
/Volumes/AM ARFF/CRASH CHARTS/Q RESONSE/Screenshot_2019-06-14-21-07-19.PNG,/Volumes/AM ARFF/CRASH CHARTS/Q RESONSE/EXCLUDE-SCREENSHOT-app-screenshot-091.png,CRASH CHARTS,EXCLUDE-SCREENSHOT,EXCLUDE,"Phone screenshots of a reference app; third-hand, not shippable",1600,2560,3090575,,86.4,
/Volumes/AM ARFF/CRASH CHARTS/Q RESONSE/Screenshot_2019-06-14-21-07-32.PNG,/Volumes/AM ARFF/CRASH CHARTS/Q RESONSE/EXCLUDE-SCREENSHOT-app-screenshot-092.png,CRASH CHARTS,EXCLUDE-SCREENSHOT,EXCLUDE,"Phone screenshots of a reference app; third-hand, not shippable",1600,2560,1141549,,139.8,
/Volumes/AM ARFF/CRASH CHARTS/Q RESONSE/Screenshot_2019-06-14-21-08-08.PNG,/Volumes/AM ARFF/CRASH CHARTS/Q RESONSE/EXCLUDE-SCREENSHOT-app-screenshot-093.png,CRASH CHARTS,EXCLUDE-SCREENSHOT,EXCLUDE,"Phone screenshots of a reference app; third-hand, not shippable",1600,2560,2707123,,75.1,
/Volumes/AM ARFF/CRASH CHARTS/Q RESONSE/Screenshot_2019-06-14-21-08-17.PNG,/Volumes/AM ARFF/CRASH CHARTS/Q RESONSE/EXCLUDE-SCREENSHOT-app-screenshot-094.png,CRASH CHARTS,EXCLUDE-SCREENSHOT,EXCLUDE,"Phone screenshots of a reference app; third-hand, not shippable",1600,2560,2828285,,85.0,
/Volumes/AM ARFF/CRASH CHARTS/Q RESONSE/Screenshot_2019-06-14-21-08-23.PNG,/Volumes/AM ARFF/CRASH CHARTS/Q RESONSE/EXCLUDE-SCREENSHOT-app-screenshot-095.png,CRASH CHARTS,EXCLUDE-SCREENSHOT,EXCLUDE,"Phone screenshots of a reference app; third-hand, not shippable",1600,2560,3055903,,86.1,
/Volumes/AM ARFF/CRASH CHARTS/Q RESONSE/Screenshot_2019-06-14-21-08-38.PNG,/Volumes/AM ARFF/CRASH CHARTS/Q RESONSE/EXCLUDE-SCREENSHOT-app-screenshot-096.png,CRASH CHARTS,EXCLUDE-SCREENSHOT,EXCLUDE,"Phone screenshots of a reference app; third-hand, not shippable",1600,2560,2178961,,96.0,
/Volumes/AM ARFF/CRASH CHARTS/Q RESONSE/Screenshot_2019-06-14-21-08-54.PNG,/Volumes/AM ARFF/CRASH CHARTS/Q RESONSE/EXCLUDE-SCREENSHOT-app-screenshot-097.png,CRASH CHARTS,EXCLUDE-SCREENSHOT,EXCLUDE,"Phone screenshots of a reference app; third-hand, not shippable",1600,2560,4059466,,100.0,
/Volumes/AM ARFF/CRASH CHARTS/Q RESONSE/Screenshot_2019-06-14-21-08-59.PNG,/Volumes/AM ARFF/CRASH CHARTS/Q RESONSE/EXCLUDE-SCREENSHOT-app-screenshot-098.png,CRASH CHARTS,EXCLUDE-SCREENSHOT,EXCLUDE,"Phone screenshots of a reference app; third-hand, not shippable",1600,2560,4075299,,93.0,
/Volumes/AM ARFF/CRASH CHARTS/Q RESONSE/Screenshot_2019-06-14-21-09-05.PNG,/Volumes/AM ARFF/CRASH CHARTS/Q RESONSE/EXCLUDE-SCREENSHOT-app-screenshot-099.png,CRASH CHARTS,EXCLUDE-SCREENSHOT,EXCLUDE,"Phone screenshots of a reference app; third-hand, not shippable",1600,2560,1200914,,36.5,
/Volumes/AM ARFF/CRASH CHARTS/Q RESONSE/Screenshot_2019-06-14-21-09-16.PNG,/Volumes/AM ARFF/CRASH CHARTS/Q RESONSE/EXCLUDE-SCREENSHOT-app-screenshot-100.png,CRASH CHARTS,EXCLUDE-SCREENSHOT,EXCLUDE,"Phone screenshots of a reference app; third-hand, not shippable",1600,2560,2257918,,72.7,
/Volumes/AM ARFF/CRASH CHARTS/Q RESONSE/Screenshot_2019-06-14-21-09-30.PNG,/Volumes/AM ARFF/CRASH CHARTS/Q RESONSE/EXCLUDE-SCREENSHOT-app-screenshot-101.png,CRASH CHARTS,EXCLUDE-SCREENSHOT,EXCLUDE,"Phone screenshots of a reference app; third-hand, not shippable",1600,2560,1399434,,48.8,
/Volumes/AM ARFF/CRASH CHARTS/Q RESONSE/Screenshot_2019-06-14-21-10-25.PNG,/Volumes/AM ARFF/CRASH CHARTS/Q RESONSE/EXCLUDE-SCREENSHOT-app-screenshot-102.png,CRASH CHARTS,EXCLUDE-SCREENSHOT,EXCLUDE,"Phone screenshots of a reference app; third-hand, not shippable",1600,2560,2986710,,84.5,
/Volumes/AM ARFF/CRASH CHARTS/Q RESONSE/Screenshot_2019-06-14-21-10-54.PNG,/Volumes/AM ARFF/CRASH CHARTS/Q RESONSE/EXCLUDE-SCREENSHOT-app-screenshot-103.png,CRASH CHARTS,EXCLUDE-SCREENSHOT,EXCLUDE,"Phone screenshots of a reference app; third-hand, not shippable",1600,2560,2182016,,66.0,
/Volumes/AM ARFF/CRASH CHARTS/Q RESONSE/Screenshot_2019-06-14-21-11-05.PNG,/Volumes/AM ARFF/CRASH CHARTS/Q RESONSE/EXCLUDE-SCREENSHOT-app-screenshot-104.png,CRASH CHARTS,EXCLUDE-SCREENSHOT,EXCLUDE,"Phone screenshots of a reference app; third-hand, not shippable",1600,2560,1575717,,56.3,
/Volumes/AM ARFF/CRASH CHARTS/Q RESONSE/Screenshot_2019-06-14-21-11-15.PNG,/Volumes/AM ARFF/CRASH CHARTS/Q RESONSE/EXCLUDE-SCREENSHOT-app-screenshot-105.png,CRASH CHARTS,EXCLUDE-SCREENSHOT,EXCLUDE,"Phone screenshots of a reference app; third-hand, not shippable",1600,2560,1427757,,100.8,
/Volumes/AM ARFF/CRASH CHARTS/Q RESONSE/Screenshot_2019-06-14-21-13-12.PNG,/Volumes/AM ARFF/CRASH CHARTS/Q RESONSE/EXCLUDE-SCREENSHOT-app-screenshot-106.png,CRASH CHARTS,EXCLUDE-SCREENSHOT,EXCLUDE,"Phone screenshots of a reference app; third-hand, not shippable",1600,2560,1025902,,43.2,
/Volumes/AM ARFF/CRASH CHARTS/Q RESONSE/Screenshot_2019-06-14-21-13-15.PNG,/Volumes/AM ARFF/CRASH CHARTS/Q RESONSE/EXCLUDE-SCREENSHOT-app-screenshot-107.png,CRASH CHARTS,EXCLUDE-SCREENSHOT,EXCLUDE,"Phone screenshots of a reference app; third-hand, not shippable",1600,2560,967476,,37.3,
/Volumes/AM ARFF/CRASH CHARTS/Q RESONSE/Screenshot_2019-06-14-21-13-30.PNG,/Volumes/AM ARFF/CRASH CHARTS/Q RESONSE/EXCLUDE-SCREENSHOT-app-screenshot-108.png,CRASH CHARTS,EXCLUDE-SCREENSHOT,EXCLUDE,"Phone screenshots of a reference app; third-hand, not shippable",1600,2560,891875,,35.7,
/Volumes/AM ARFF/CRASH CHARTS/Q RESONSE/Screenshot_2019-06-14-21-13-54.PNG,/Volumes/AM ARFF/CRASH CHARTS/Q RESONSE/EXCLUDE-SCREENSHOT-app-screenshot-109.png,CRASH CHARTS,EXCLUDE-SCREENSHOT,EXCLUDE,"Phone screenshots of a reference app; third-hand, not shippable",1600,2560,3526281,,100.3,
/Volumes/AM ARFF/CRASH CHARTS/Q RESONSE/Screenshot_2019-06-14-21-14-02.PNG,/Volumes/AM ARFF/CRASH CHARTS/Q RESONSE/EXCLUDE-SCREENSHOT-app-screenshot-110.png,CRASH CHARTS,EXCLUDE-SCREENSHOT,EXCLUDE,"Phone screenshots of a reference app; third-hand, not shippable",1600,2560,3275937,,96.8,
/Volumes/AM ARFF/CRASH CHARTS/Q RESONSE/Screenshot_2019-06-14-21-14-08.PNG,/Volumes/AM ARFF/CRASH CHARTS/Q RESONSE/EXCLUDE-SCREENSHOT-app-screenshot-111.png,CRASH CHARTS,EXCLUDE-SCREENSHOT,EXCLUDE,"Phone screenshots of a reference app; third-hand, not shippable",1600,2560,971187,,131.9,
/Volumes/AM ARFF/PICS MASTER/AM RISK/20130720_091358 (1).jpg,/Volumes/AM ARFF/PICS MASTER/AM RISK/ART01-OPERATOR-operator-crew-001.jpg,PICS MASTER/AM RISK,ART01-OPERATOR,USE,"Operator's own photography; crew, briefings, Rwanda ops",3264,2448,2582561,2013:07:20 09:13:58,130.7,
/Volumes/AM ARFF/PICS MASTER/AM RISK/20130821_204100 (1).jpg,/Volumes/AM ARFF/PICS MASTER/AM RISK/EXCLUDE-PERSONAL-selfie-001.jpg,PICS MASTER/AM RISK,EXCLUDE-PERSONAL,EXCLUDE,Personal selfie frame,3264,2448,2545483,2013:08:21 20:41:00,77.6,
/Volumes/AM ARFF/PICS MASTER/AM RISK/20130821_204100.jpg,/Volumes/AM ARFF/PICS MASTER/AM RISK/EXCLUDE-PERSONAL-selfie-002-dup2.jpg,PICS MASTER/AM RISK,EXCLUDE-PERSONAL,EXCLUDE,Personal selfie frame,3264,2448,2545483,2013:08:21 20:41:00,77.6,yes
/Volumes/AM ARFF/PICS MASTER/AM RISK/20130821_204105 (1).jpg,/Volumes/AM ARFF/PICS MASTER/AM RISK/EXCLUDE-PERSONAL-selfie-003.jpg,PICS MASTER/AM RISK,EXCLUDE-PERSONAL,EXCLUDE,Personal selfie frame,3264,2448,2450027,2013:08:21 20:41:05,76.5,
/Volumes/AM ARFF/PICS MASTER/AM RISK/20130821_204105.jpg,/Volumes/AM ARFF/PICS MASTER/AM RISK/EXCLUDE-PERSONAL-selfie-004-dup2.jpg,PICS MASTER/AM RISK,EXCLUDE-PERSONAL,EXCLUDE,Personal selfie frame,3264,2448,2450027,2013:08:21 20:41:05,76.5,yes
/Volumes/AM ARFF/PICS MASTER/AM RISK/20130821_204108 (1).jpg,/Volumes/AM ARFF/PICS MASTER/AM RISK/EXCLUDE-PERSONAL-selfie-005.jpg,PICS MASTER/AM RISK,EXCLUDE-PERSONAL,EXCLUDE,Personal selfie frame,3264,2448,2465869,2013:08:21 20:41:08,75.1,
/Volumes/AM ARFF/PICS MASTER/AM RISK/20130821_204108.jpg,/Volumes/AM ARFF/PICS MASTER/AM RISK/EXCLUDE-PERSONAL-selfie-006-dup2.jpg,PICS MASTER/AM RISK,EXCLUDE-PERSONAL,EXCLUDE,Personal selfie frame,3264,2448,2465869,2013:08:21 20:41:08,75.1,yes
/Volumes/AM ARFF/PICS MASTER/AM RISK/20130821_204114.jpg,/Volumes/AM ARFF/PICS MASTER/AM RISK/EXCLUDE-PERSONAL-selfie-007.jpg,PICS MASTER/AM RISK,EXCLUDE-PERSONAL,EXCLUDE,Personal selfie frame,3264,2448,2519616,2013:08:21 20:41:14,78.0,
/Volumes/AM ARFF/PICS MASTER/AM RISK/20130821_204759 (1).jpg,/Volumes/AM ARFF/PICS MASTER/AM RISK/EXCLUDE-PERSONAL-selfie-008.jpg,PICS MASTER/AM RISK,EXCLUDE-PERSONAL,EXCLUDE,Personal selfie frame,3264,2448,1892454,2013:08:21 20:47:59,101.1,
/Volumes/AM ARFF/PICS MASTER/AM RISK/20130821_204759.jpg,/Volumes/AM ARFF/PICS MASTER/AM RISK/EXCLUDE-PERSONAL-selfie-009-dup2.jpg,PICS MASTER/AM RISK,EXCLUDE-PERSONAL,EXCLUDE,Personal selfie frame,3264,2448,1892454,2013:08:21 20:47:59,101.1,yes
/Volumes/AM ARFF/PICS MASTER/AM RISK/20130920_113843 (1).jpg,/Volumes/AM ARFF/PICS MASTER/AM RISK/ART01-OPERATOR-operator-crew-002.jpg,PICS MASTER/AM RISK,ART01-OPERATOR,USE,"Operator's own photography; crew, briefings, Rwanda ops",3264,2448,2193277,2013:09:20 11:38:42,70.8,
/Volumes/AM ARFF/PICS MASTER/AM RISK/20130920_113843.jpg,/Volumes/AM ARFF/PICS MASTER/AM RISK/ART01-OPERATOR-operator-crew-003.jpg,PICS MASTER/AM RISK,ART01-OPERATOR,USE,"Operator's own photography; crew, briefings, Rwanda ops",3264,2448,2188412,2013:09:20 11:38:42,70.8,
/Volumes/AM ARFF/PICS MASTER/AM RISK/20130920_113906 (1).jpg,/Volumes/AM ARFF/PICS MASTER/AM RISK/ART01-OPERATOR-operator-crew-004.jpg,PICS MASTER/AM RISK,ART01-OPERATOR,USE,"Operator's own photography; crew, briefings, Rwanda ops",3264,2448,2659869,2013:09:20 11:39:06,131.3,
/Volumes/AM ARFF/PICS MASTER/AM RISK/20130920_113906.jpg,/Volumes/AM ARFF/PICS MASTER/AM RISK/ART01-OPERATOR-operator-crew-005.jpg,PICS MASTER/AM RISK,ART01-OPERATOR,USE,"Operator's own photography; crew, briefings, Rwanda ops",3264,2448,2674511,2013:09:20 11:39:06,131.4,
/Volumes/AM ARFF/PICS MASTER/AM RISK/20130920_113909 (1).jpg,/Volumes/AM ARFF/PICS MASTER/AM RISK/ART01-OPERATOR-operator-crew-006.jpg,PICS MASTER/AM RISK,ART01-OPERATOR,USE,"Operator's own photography; crew, briefings, Rwanda ops",3264,2448,2673321,2013:09:20 11:39:08,132.0,
/Volumes/AM ARFF/PICS MASTER/AM RISK/20130920_113909.jpg,/Volumes/AM ARFF/PICS MASTER/AM RISK/ART01-OPERATOR-operator-crew-007-dup2.jpg,PICS MASTER/AM RISK,ART01-OPERATOR,USE,"Operator's own photography; crew, briefings, Rwanda ops",3264,2448,2673321,2013:09:20 11:39:08,132.0,yes
/Volumes/AM ARFF/PICS MASTER/AM RISK/57726252385__F5C2DCB1-3ACB-4E25-8B5F-D547CEF0617B.JPG,/Volumes/AM ARFF/PICS MASTER/AM RISK/EXCLUDE-PERSONAL-car-selfie-001.jpg,PICS MASTER/AM RISK,EXCLUDE-PERSONAL,EXCLUDE,Man driving a car; removed from the platform at operator request,4032,3024,1633692,2019:04:18 08:42:03,100.5,
/Volumes/AM ARFF/PICS MASTER/AM RISK/57790738354__1B9C1CC5-08B0-4663-A01B-DA68AF0874D0.JPG,/Volumes/AM ARFF/PICS MASTER/AM RISK/EXCLUDE-PERSONAL-portrait-001.jpg,PICS MASTER/AM RISK,EXCLUDE-PERSONAL,EXCLUDE,Personal portrait; removed from the platform at operator request,4032,3024,1122632,2019:04:25 19:49:43,62.4,
/Volumes/AM ARFF/PICS MASTER/AM RISK/57855928595__C8E01AD1-0CB4-48C9-8F7C-69A286961B40.JPG,/Volumes/AM ARFF/PICS MASTER/AM RISK/ART01-OPERATOR-operator-crew-008.jpg,PICS MASTER/AM RISK,ART01-OPERATOR,USE,"Operator's own photography; crew, briefings, Rwanda ops",4032,3024,619859,2019:05:03 08:54:45,113.5,
/Volumes/AM ARFF/PICS MASTER/AM RISK/CHIEF COMING DOWN.jpeg,/Volumes/AM ARFF/PICS MASTER/AM RISK/ART01-OPERATOR-operator-crew-009.jpeg,PICS MASTER/AM RISK,ART01-OPERATOR,USE,"Operator's own photography; crew, briefings, Rwanda ops",1040,588,49299,,170.7,
/Volumes/AM ARFF/PICS MASTER/AM RISK/CHIEF SEMINIGA.jpeg,/Volumes/AM ARFF/PICS MASTER/AM RISK/ART01-OPERATOR-operator-crew-010.jpeg,PICS MASTER/AM RISK,ART01-OPERATOR,USE,"Operator's own photography; crew, briefings, Rwanda ops",1280,720,85109,,114.9,
/Volumes/AM ARFF/PICS MASTER/AM RISK/DRAGER MACHINE RWANDA.jpeg,/Volumes/AM ARFF/PICS MASTER/AM RISK/ART01-OPERATOR-operator-crew-011.jpeg,PICS MASTER/AM RISK,ART01-OPERATOR,USE,"Operator's own photography; crew, briefings, Rwanda ops",676,1014,56967,,114.5,
/Volumes/AM ARFF/PICS MASTER/BURNOUT/102NIKON/DSCN1267.JPG,/Volumes/AM ARFF/PICS MASTER/BURNOUT/102NIKON/EXCLUDE-PERSONAL-car-sunset-001.jpg,PICS MASTER/BURNOUT,EXCLUDE-PERSONAL,EXCLUDE,Car at sunset; spectator frame,4608,3456,5845262,2018:07:27 19:37:05,98.0,
/Volumes/AM ARFF/PICS MASTER/BURNOUT/102NIKON/DSCN1269.JPG,/Volumes/AM ARFF/PICS MASTER/BURNOUT/102NIKON/EXCLUDE-PERSONAL-selfie-010.jpg,PICS MASTER/BURNOUT,EXCLUDE-PERSONAL,EXCLUDE,Personal selfie frame,4608,3456,7085274,2018:07:27 20:50:02,76.0,
/Volumes/AM ARFF/PICS MASTER/BURNOUT/102NIKON/DSCN1270.JPG,/Volumes/AM ARFF/PICS MASTER/BURNOUT/102NIKON/EXCLUDE-PERSONAL-selfie-011.jpg,PICS MASTER/BURNOUT,EXCLUDE-PERSONAL,EXCLUDE,Personal selfie frame,4608,3456,6819686,2018:07:27 20:51:21,31.4,
/Volumes/AM ARFF/PICS MASTER/BURNOUT/102NIKON/DSCN1271.JPG,/Volumes/AM ARFF/PICS MASTER/BURNOUT/102NIKON/EXCLUDE-PERSONAL-selfie-012.jpg,PICS MASTER/BURNOUT,EXCLUDE-PERSONAL,EXCLUDE,Personal selfie frame,4608,3456,6386478,2018:07:27 20:51:36,20.3,
/Volumes/AM ARFF/PICS MASTER/BURNOUT/102NIKON/DSCN1272.JPG,/Volumes/AM ARFF/PICS MASTER/BURNOUT/102NIKON/EXCLUDE-PERSONAL-selfie-013.jpg,PICS MASTER/BURNOUT,EXCLUDE-PERSONAL,EXCLUDE,Personal selfie frame,4608,3456,6876841,2018:07:27 20:51:44,67.4,
/Volumes/AM ARFF/PICS MASTER/BURNOUT/102NIKON/DSCN1274.JPG,/Volumes/AM ARFF/PICS MASTER/BURNOUT/102NIKON/ART16-TRAINING-live-fire-night-001.jpg,PICS MASTER/BURNOUT,ART16-TRAINING,USE,Night live-fire training event Jul-Nov 2018; hose teams and fire silhouettes,4608,3456,5731218,2018:07:27 20:53:18,22.8,
/Volumes/AM ARFF/PICS MASTER/BURNOUT/102NIKON/DSCN1275.JPG,/Volumes/AM ARFF/PICS MASTER/BURNOUT/102NIKON/ART16-TRAINING-live-fire-night-002.jpg,PICS MASTER/BURNOUT,ART16-TRAINING,USE,Night live-fire training event Jul-Nov 2018; hose teams and fire silhouettes,4608,3456,6729649,2018:07:27 20:54:25,40.7,
/Volumes/AM ARFF/PICS MASTER/BURNOUT/102NIKON/DSCN1276.JPG,/Volumes/AM ARFF/PICS MASTER/BURNOUT/102NIKON/EXCLUDE-DARK-dark-frame-001.jpg,PICS MASTER/BURNOUT,EXCLUDE-DARK,EXCLUDE,Near-black frame (mean luminance 12.7); nothing to teach,4608,3456,6191004,2018:07:27 20:54:46,12.7,
/Volumes/AM ARFF/PICS MASTER/BURNOUT/102NIKON/DSCN1277.JPG,/Volumes/AM ARFF/PICS MASTER/BURNOUT/102NIKON/EXCLUDE-DARK-dark-frame-002.jpg,PICS MASTER/BURNOUT,EXCLUDE-DARK,EXCLUDE,Near-black frame (mean luminance 10.7); nothing to teach,4608,3456,6303215,2018:07:27 20:55:16,10.7,
/Volumes/AM ARFF/PICS MASTER/BURNOUT/102NIKON/DSCN1278.JPG,/Volumes/AM ARFF/PICS MASTER/BURNOUT/102NIKON/ART16-TRAINING-live-fire-night-003.jpg,PICS MASTER/BURNOUT,ART16-TRAINING,USE,Night live-fire training event Jul-Nov 2018; hose teams and fire silhouettes,4608,3456,7443238,2018:07:27 20:57:19,64.3,
/Volumes/AM ARFF/PICS MASTER/BURNOUT/102NIKON/DSCN1280.JPG,/Volumes/AM ARFF/PICS MASTER/BURNOUT/102NIKON/EXCLUDE-DARK-dark-frame-003.jpg,PICS MASTER/BURNOUT,EXCLUDE-DARK,EXCLUDE,Near-black frame (mean luminance 8.7); nothing to teach,4608,3456,4425454,2018:07:27 20:59:00,8.7,
/Volumes/AM ARFF/PICS MASTER/BURNOUT/102NIKON/DSCN1281.JPG,/Volumes/AM ARFF/PICS MASTER/BURNOUT/102NIKON/EXCLUDE-PERSONAL-selfie-014.jpg,PICS MASTER/BURNOUT,EXCLUDE-PERSONAL,EXCLUDE,Personal selfie frame,4608,3456,6350500,2018:07:27 20:59:50,85.4,
/Volumes/AM ARFF/PICS MASTER/BURNOUT/102NIKON/DSCN1282.JPG,/Volumes/AM ARFF/PICS MASTER/BURNOUT/102NIKON/ART16-TRAINING-live-fire-night-004.jpg,PICS MASTER/BURNOUT,ART16-TRAINING,USE,Night live-fire training event Jul-Nov 2018; hose teams and fire silhouettes,4608,3456,6439548,2018:07:27 21:00:26,107.8,
/Volumes/AM ARFF/PICS MASTER/BURNOUT/102NIKON/DSCN1283.JPG,/Volumes/AM ARFF/PICS MASTER/BURNOUT/102NIKON/ART16-TRAINING-live-fire-night-005.jpg,PICS MASTER/BURNOUT,ART16-TRAINING,USE,Night live-fire training event Jul-Nov 2018; hose teams and fire silhouettes,4608,3456,6273926,2018:07:27 21:00:31,84.2,
/Volumes/AM ARFF/PICS MASTER/BURNOUT/102NIKON/DSCN1284.JPG,/Volumes/AM ARFF/PICS MASTER/BURNOUT/102NIKON/ART16-TRAINING-live-fire-night-006.jpg,PICS MASTER/BURNOUT,ART16-TRAINING,USE,Night live-fire training event Jul-Nov 2018; hose teams and fire silhouettes,4608,3456,6625371,2018:07:27 21:00:35,16.7,
/Volumes/AM ARFF/PICS MASTER/BURNOUT/102NIKON/DSCN1285.JPG,/Volumes/AM ARFF/PICS MASTER/BURNOUT/102NIKON/ART16-TRAINING-live-fire-night-007.jpg,PICS MASTER/BURNOUT,ART16-TRAINING,USE,Night live-fire training event Jul-Nov 2018; hose teams and fire silhouettes,4608,3456,6717555,2018:07:27 21:00:46,51.0,
/Volumes/AM ARFF/PICS MASTER/BURNOUT/102NIKON/DSCN1286.JPG,/Volumes/AM ARFF/PICS MASTER/BURNOUT/102NIKON/ART16-TRAINING-live-fire-night-008.jpg,PICS MASTER/BURNOUT,ART16-TRAINING,USE,Night live-fire training event Jul-Nov 2018; hose teams and fire silhouettes,4608,3456,6516154,2018:07:27 21:02:32,80.0,
/Volumes/AM ARFF/PICS MASTER/BURNOUT/102NIKON/DSCN1287.JPG,/Volumes/AM ARFF/PICS MASTER/BURNOUT/102NIKON/ART16-TRAINING-live-fire-night-009.jpg,PICS MASTER/BURNOUT,ART16-TRAINING,USE,Night live-fire training event Jul-Nov 2018; hose teams and fire silhouettes,4608,3456,7679560,2018:07:27 21:10:28,89.1,
/Volumes/AM ARFF/PICS MASTER/BURNOUT/102NIKON/DSCN1288.JPG,/Volumes/AM ARFF/PICS MASTER/BURNOUT/102NIKON/ART16-TRAINING-live-fire-night-010.jpg,PICS MASTER/BURNOUT,ART16-TRAINING,USE,Night live-fire training event Jul-Nov 2018; hose teams and fire silhouettes,4608,3456,6955210,2018:07:27 21:10:35,38.3,
/Volumes/AM ARFF/PICS MASTER/BURNOUT/102NIKON/DSCN1289.JPG,/Volumes/AM ARFF/PICS MASTER/BURNOUT/102NIKON/ART16-TRAINING-live-fire-night-011.jpg,PICS MASTER/BURNOUT,ART16-TRAINING,USE,Night live-fire training event Jul-Nov 2018; hose teams and fire silhouettes,4608,3456,6930466,2018:07:27 21:37:24,85.4,
/Volumes/AM ARFF/PICS MASTER/BURNOUT/102NIKON/DSCN1290.JPG,/Volumes/AM ARFF/PICS MASTER/BURNOUT/102NIKON/EXCLUDE-DARK-dark-frame-004.jpg,PICS MASTER/BURNOUT,EXCLUDE-DARK,EXCLUDE,Near-black frame (mean luminance 2.6); nothing to teach,4608,3456,2516499,2018:07:27 21:37:38,2.6,
/Volumes/AM ARFF/PICS MASTER/BURNOUT/102NIKON/DSCN1291.JPG,/Volumes/AM ARFF/PICS MASTER/BURNOUT/102NIKON/ART16-TRAINING-live-fire-night-012.jpg,PICS MASTER/BURNOUT,ART16-TRAINING,USE,Night live-fire training event Jul-Nov 2018; hose teams and fire silhouettes,4608,3456,6848252,2018:07:27 21:41:45,76.1,
/Volumes/AM ARFF/PICS MASTER/BURNOUT/102NIKON/DSCN1292.JPG,/Volumes/AM ARFF/PICS MASTER/BURNOUT/102NIKON/ART16-TRAINING-live-fire-night-013.jpg,PICS MASTER/BURNOUT,ART16-TRAINING,USE,Night live-fire training event Jul-Nov 2018; hose teams and fire silhouettes,4608,3456,5851459,2018:07:27 21:42:04,145.3,
/Volumes/AM ARFF/PICS MASTER/BURNOUT/102NIKON/DSCN1293.JPG,/Volumes/AM ARFF/PICS MASTER/BURNOUT/102NIKON/ART16-TRAINING-live-fire-night-014.jpg,PICS MASTER/BURNOUT,ART16-TRAINING,USE,Night live-fire training event Jul-Nov 2018; hose teams and fire silhouettes,4608,3456,5690567,2018:07:27 21:42:17,15.3,
/Volumes/AM ARFF/PICS MASTER/BURNOUT/102NIKON/DSCN1294.JPG,/Volumes/AM ARFF/PICS MASTER/BURNOUT/102NIKON/ART16-TRAINING-live-fire-night-015.jpg,PICS MASTER/BURNOUT,ART16-TRAINING,USE,Night live-fire training event Jul-Nov 2018; hose teams and fire silhouettes,4608,3456,6454315,2018:07:27 21:43:19,99.8,
/Volumes/AM ARFF/PICS MASTER/BURNOUT/102NIKON/DSCN1295.JPG,/Volumes/AM ARFF/PICS MASTER/BURNOUT/102NIKON/ART16-TRAINING-live-fire-night-016.jpg,PICS MASTER/BURNOUT,ART16-TRAINING,USE,Night live-fire training event Jul-Nov 2018; hose teams and fire silhouettes,4608,3456,5665446,2018:07:27 21:43:29,35.5,
/Volumes/AM ARFF/PICS MASTER/BURNOUT/102NIKON/DSCN1296.JPG,/Volumes/AM ARFF/PICS MASTER/BURNOUT/102NIKON/ART16-TRAINING-live-fire-night-017.jpg,PICS MASTER/BURNOUT,ART16-TRAINING,USE,Night live-fire training event Jul-Nov 2018; hose teams and fire silhouettes,4608,3456,5025110,2018:07:27 21:43:49,23.5,
/Volumes/AM ARFF/PICS MASTER/BURNOUT/102NIKON/DSCN1298.JPG,/Volumes/AM ARFF/PICS MASTER/BURNOUT/102NIKON/EXCLUDE-DARK-dark-frame-005.jpg,PICS MASTER/BURNOUT,EXCLUDE-DARK,EXCLUDE,Near-black frame (mean luminance 8.7); nothing to teach,1920,1080,285539,2018:07:27 21:44:28,8.7,
/Volumes/AM ARFF/PICS MASTER/BURNOUT/102NIKON/DSCN1299.JPG,/Volumes/AM ARFF/PICS MASTER/BURNOUT/102NIKON/ART16-TRAINING-live-fire-night-018.jpg,PICS MASTER/BURNOUT,ART16-TRAINING,USE,Night live-fire training event Jul-Nov 2018; hose teams and fire silhouettes,4608,3456,6693684,2018:07:27 21:44:42,90.1,
/Volumes/AM ARFF/PICS MASTER/BURNOUT/102NIKON/DSCN1300.JPG,/Volumes/AM ARFF/PICS MASTER/BURNOUT/102NIKON/ART16-TRAINING-live-fire-night-019.jpg,PICS MASTER/BURNOUT,ART16-TRAINING,USE,Night live-fire training event Jul-Nov 2018; hose teams and fire silhouettes,4608,3456,7609538,2018:07:27 21:45:08,77.6,
/Volumes/AM ARFF/PICS MASTER/BURNOUT/102NIKON/DSCN1301.JPG,/Volumes/AM ARFF/PICS MASTER/BURNOUT/102NIKON/ART16-TRAINING-live-fire-night-020.jpg,PICS MASTER/BURNOUT,ART16-TRAINING,USE,Night live-fire training event Jul-Nov 2018; hose teams and fire silhouettes,4608,3456,6692077,2018:07:27 21:45:34,84.3,
/Volumes/AM ARFF/PICS MASTER/BURNOUT/102NIKON/DSCN1302.JPG,/Volumes/AM ARFF/PICS MASTER/BURNOUT/102NIKON/ART16-TRAINING-live-fire-night-021.jpg,PICS MASTER/BURNOUT,ART16-TRAINING,USE,Night live-fire training event Jul-Nov 2018; hose teams and fire silhouettes,4608,3456,6641837,2018:07:27 21:45:50,41.9,
/Volumes/AM ARFF/PICS MASTER/BURNOUT/102NIKON/DSCN1303.JPG,/Volumes/AM ARFF/PICS MASTER/BURNOUT/102NIKON/ART16-TRAINING-live-fire-night-022.jpg,PICS MASTER/BURNOUT,ART16-TRAINING,USE,Night live-fire training event Jul-Nov 2018; hose teams and fire silhouettes,4608,3456,6401293,2018:07:27 21:46:07,35.0,
/Volumes/AM ARFF/PICS MASTER/BURNOUT/102NIKON/DSCN1304.JPG,/Volumes/AM ARFF/PICS MASTER/BURNOUT/102NIKON/ART16-TRAINING-live-fire-night-023.jpg,PICS MASTER/BURNOUT,ART16-TRAINING,USE,Night live-fire training event Jul-Nov 2018; hose teams and fire silhouettes,4608,3456,7616435,2018:07:27 21:46:23,87.1,
/Volumes/AM ARFF/PICS MASTER/BURNOUT/102NIKON/DSCN1305.JPG,/Volumes/AM ARFF/PICS MASTER/BURNOUT/102NIKON/ART16-TRAINING-live-fire-night-024.jpg,PICS MASTER/BURNOUT,ART16-TRAINING,USE,Night live-fire training event Jul-Nov 2018; hose teams and fire silhouettes,4608,3456,7437649,2018:07:27 21:46:40,79.1,
/Volumes/AM ARFF/PICS MASTER/BURNOUT/102NIKON/DSCN1306.JPG,/Volumes/AM ARFF/PICS MASTER/BURNOUT/102NIKON/ART16-TRAINING-live-fire-night-025.jpg,PICS MASTER/BURNOUT,ART16-TRAINING,USE,Night live-fire training event Jul-Nov 2018; hose teams and fire silhouettes,4608,3456,7251606,2018:07:27 21:46:52,80.1,
/Volumes/AM ARFF/PICS MASTER/BURNOUT/102NIKON/DSCN1307.JPG,/Volumes/AM ARFF/PICS MASTER/BURNOUT/102NIKON/ART16-TRAINING-live-fire-night-026.jpg,PICS MASTER/BURNOUT,ART16-TRAINING,USE,Night live-fire training event Jul-Nov 2018; hose teams and fire silhouettes,4608,3456,6269754,2018:07:27 21:47:11,32.6,
/Volumes/AM ARFF/PICS MASTER/BURNOUT/102NIKON/DSCN1309.JPG,/Volumes/AM ARFF/PICS MASTER/BURNOUT/102NIKON/EXCLUDE-DARK-dark-frame-006.jpg,PICS MASTER/BURNOUT,EXCLUDE-DARK,EXCLUDE,Near-black frame (mean luminance 9.8); nothing to teach,1920,1080,374462,2018:07:27 21:48:02,9.8,
/Volumes/AM ARFF/PICS MASTER/BURNOUT/102NIKON/DSCN1310.JPG,/Volumes/AM ARFF/PICS MASTER/BURNOUT/102NIKON/ART16-TRAINING-live-fire-night-027.jpg,PICS MASTER/BURNOUT,ART16-TRAINING,USE,Night live-fire training event Jul-Nov 2018; hose teams and fire silhouettes,4608,3456,6702820,2018:07:27 21:48:08,73.6,
/Volumes/AM ARFF/PICS MASTER/BURNOUT/102NIKON/DSCN1311.JPG,/Volumes/AM ARFF/PICS MASTER/BURNOUT/102NIKON/ART16-TRAINING-live-fire-night-028.jpg,PICS MASTER/BURNOUT,ART16-TRAINING,USE,Night live-fire training event Jul-Nov 2018; hose teams and fire silhouettes,4608,3456,6593061,2018:07:27 21:48:14,95.9,
/Volumes/AM ARFF/PICS MASTER/BURNOUT/102NIKON/DSCN1313.JPG,/Volumes/AM ARFF/PICS MASTER/BURNOUT/102NIKON/EXCLUDE-DARK-dark-frame-007.jpg,PICS MASTER/BURNOUT,EXCLUDE-DARK,EXCLUDE,Near-black frame (mean luminance 3.8); nothing to teach,1920,1080,203389,2018:07:27 21:48:30,3.8,
/Volumes/AM ARFF/PICS MASTER/BURNOUT/102NIKON/DSCN1314.JPG,/Volumes/AM ARFF/PICS MASTER/BURNOUT/102NIKON/ART16-TRAINING-live-fire-night-029.jpg,PICS MASTER/BURNOUT,ART16-TRAINING,USE,Night live-fire training event Jul-Nov 2018; hose teams and fire silhouettes,4608,3456,6433947,2018:07:27 21:48:38,30.5,
/Volumes/AM ARFF/PICS MASTER/BURNOUT/102NIKON/DSCN1315.JPG,/Volumes/AM ARFF/PICS MASTER/BURNOUT/102NIKON/ART16-TRAINING-live-fire-night-030.jpg,PICS MASTER/BURNOUT,ART16-TRAINING,USE,Night live-fire training event Jul-Nov 2018; hose teams and fire silhouettes,4608,3456,7232323,2018:07:27 21:48:50,93.2,
/Volumes/AM ARFF/PICS MASTER/BURNOUT/102NIKON/DSCN1316.JPG,/Volumes/AM ARFF/PICS MASTER/BURNOUT/102NIKON/ART16-TRAINING-live-fire-night-031.jpg,PICS MASTER/BURNOUT,ART16-TRAINING,USE,Night live-fire training event Jul-Nov 2018; hose teams and fire silhouettes,4608,3456,6126377,2018:07:27 21:49:01,34.5,
/Volumes/AM ARFF/PICS MASTER/BURNOUT/102NIKON/DSCN1320.JPG,/Volumes/AM ARFF/PICS MASTER/BURNOUT/102NIKON/ART16-TRAINING-live-fire-night-032.jpg,PICS MASTER/BURNOUT,ART16-TRAINING,USE,Night live-fire training event Jul-Nov 2018; hose teams and fire silhouettes,4608,3456,6082947,2018:07:27 21:54:10,55.5,
/Volumes/AM ARFF/PICS MASTER/BURNOUT/102NIKON/DSCN1321.JPG,/Volumes/AM ARFF/PICS MASTER/BURNOUT/102NIKON/ART16-TRAINING-live-fire-night-033.jpg,PICS MASTER/BURNOUT,ART16-TRAINING,USE,Night live-fire training event Jul-Nov 2018; hose teams and fire silhouettes,4608,3456,6347624,2018:07:27 21:54:13,64.4,
/Volumes/AM ARFF/PICS MASTER/BURNOUT/102NIKON/DSCN1324.JPG,/Volumes/AM ARFF/PICS MASTER/BURNOUT/102NIKON/ART16-TRAINING-live-fire-night-034.jpg,PICS MASTER/BURNOUT,ART16-TRAINING,USE,Night live-fire training event Jul-Nov 2018; hose teams and fire silhouettes,4608,3456,7369963,2018:07:27 21:55:37,51.6,
/Volumes/AM ARFF/PICS MASTER/BURNOUT/102NIKON/DSCN1326.JPG,/Volumes/AM ARFF/PICS MASTER/BURNOUT/102NIKON/ART16-TRAINING-live-fire-night-035.jpg,PICS MASTER/BURNOUT,ART16-TRAINING,USE,Night live-fire training event Jul-Nov 2018; hose teams and fire silhouettes,4608,3456,7684394,2018:07:27 21:57:23,62.0,
/Volumes/AM ARFF/PICS MASTER/BURNOUT/102NIKON/DSCN1327.JPG,/Volumes/AM ARFF/PICS MASTER/BURNOUT/102NIKON/ART16-TRAINING-live-fire-night-036.jpg,PICS MASTER/BURNOUT,ART16-TRAINING,USE,Night live-fire training event Jul-Nov 2018; hose teams and fire silhouettes,4608,3456,7618056,2018:07:27 21:57:37,44.5,
/Volumes/AM ARFF/PICS MASTER/BURNOUT/102NIKON/DSCN1328.JPG,/Volumes/AM ARFF/PICS MASTER/BURNOUT/102NIKON/ART16-TRAINING-live-fire-night-037.jpg,PICS MASTER/BURNOUT,ART16-TRAINING,USE,Night live-fire training event Jul-Nov 2018; hose teams and fire silhouettes,4608,3456,6193790,2018:07:27 21:57:47,64.0,
/Volumes/AM ARFF/PICS MASTER/BURNOUT/102NIKON/DSCN1329.JPG,/Volumes/AM ARFF/PICS MASTER/BURNOUT/102NIKON/ART16-TRAINING-live-fire-night-038.jpg,PICS MASTER/BURNOUT,ART16-TRAINING,USE,Night live-fire training event Jul-Nov 2018; hose teams and fire silhouettes,4608,3456,7893586,2018:07:27 21:57:52,70.2,
/Volumes/AM ARFF/PICS MASTER/BURNOUT/102NIKON/DSCN1330.JPG,/Volumes/AM ARFF/PICS MASTER/BURNOUT/102NIKON/ART16-TRAINING-live-fire-night-039.jpg,PICS MASTER/BURNOUT,ART16-TRAINING,USE,Night live-fire training event Jul-Nov 2018; hose teams and fire silhouettes,4608,3456,5698316,2018:07:27 21:57:55,26.8,
/Volumes/AM ARFF/PICS MASTER/BURNOUT/102NIKON/DSCN1331.JPG,/Volumes/AM ARFF/PICS MASTER/BURNOUT/102NIKON/ART16-TRAINING-live-fire-night-040.jpg,PICS MASTER/BURNOUT,ART16-TRAINING,USE,Night live-fire training event Jul-Nov 2018; hose teams and fire silhouettes,4608,3456,7866181,2018:07:27 21:58:03,68.2,
/Volumes/AM ARFF/PICS MASTER/BURNOUT/102NIKON/DSCN1332.JPG,/Volumes/AM ARFF/PICS MASTER/BURNOUT/102NIKON/ART16-TRAINING-live-fire-night-041.jpg,PICS MASTER/BURNOUT,ART16-TRAINING,USE,Night live-fire training event Jul-Nov 2018; hose teams and fire silhouettes,4608,3456,5482301,2018:07:27 21:58:10,40.2,
/Volumes/AM ARFF/PICS MASTER/BURNOUT/102NIKON/DSCN1335.JPG,/Volumes/AM ARFF/PICS MASTER/BURNOUT/102NIKON/ART16-TRAINING-live-fire-night-042.jpg,PICS MASTER/BURNOUT,ART16-TRAINING,USE,Night live-fire training event Jul-Nov 2018; hose teams and fire silhouettes,4608,3456,7564810,2018:07:27 21:59:03,127.3,
/Volumes/AM ARFF/PICS MASTER/BURNOUT/102NIKON/DSCN1336.JPG,/Volumes/AM ARFF/PICS MASTER/BURNOUT/102NIKON/ART16-TRAINING-live-fire-night-043.jpg,PICS MASTER/BURNOUT,ART16-TRAINING,USE,Night live-fire training event Jul-Nov 2018; hose teams and fire silhouettes,4608,3456,6854915,2018:07:27 21:59:10,175.5,
/Volumes/AM ARFF/PICS MASTER/BURNOUT/102NIKON/DSCN1338.JPG,/Volumes/AM ARFF/PICS MASTER/BURNOUT/102NIKON/ART16-TRAINING-live-fire-night-044.jpg,PICS MASTER/BURNOUT,ART16-TRAINING,USE,Night live-fire training event Jul-Nov 2018; hose teams and fire silhouettes,4608,3456,7195193,2018:07:27 21:59:27,81.5,
/Volumes/AM ARFF/PICS MASTER/BURNOUT/102NIKON/DSCN1339.JPG,/Volumes/AM ARFF/PICS MASTER/BURNOUT/102NIKON/ART16-TRAINING-live-fire-night-045.jpg,PICS MASTER/BURNOUT,ART16-TRAINING,USE,Night live-fire training event Jul-Nov 2018; hose teams and fire silhouettes,4608,3456,7089655,2018:07:27 21:59:31,84.2,
/Volumes/AM ARFF/PICS MASTER/BURNOUT/102NIKON/DSCN1341.JPG,/Volumes/AM ARFF/PICS MASTER/BURNOUT/102NIKON/ART16-TRAINING-live-fire-night-046.jpg,PICS MASTER/BURNOUT,ART16-TRAINING,USE,Night live-fire training event Jul-Nov 2018; hose teams and fire silhouettes,4608,3456,7163264,2018:07:27 22:00:18,38.4,
/Volumes/AM ARFF/PICS MASTER/BURNOUT/102NIKON/DSCN1343.JPG,/Volumes/AM ARFF/PICS MASTER/BURNOUT/102NIKON/ART16-TRAINING-live-fire-night-047.jpg,PICS MASTER/BURNOUT,ART16-TRAINING,USE,Night live-fire training event Jul-Nov 2018; hose teams and fire silhouettes,4608,3456,6947846,2018:07:27 22:01:20,52.1,
/Volumes/AM ARFF/PICS MASTER/BURNOUT/102NIKON/DSCN1344.JPG,/Volumes/AM ARFF/PICS MASTER/BURNOUT/102NIKON/ART16-TRAINING-live-fire-night-048.jpg,PICS MASTER/BURNOUT,ART16-TRAINING,USE,Night live-fire training event Jul-Nov 2018; hose teams and fire silhouettes,4608,3456,6421768,2018:07:27 22:01:28,50.8,
/Volumes/AM ARFF/PICS MASTER/BURNOUT/102NIKON/DSCN1345.JPG,/Volumes/AM ARFF/PICS MASTER/BURNOUT/102NIKON/ART16-TRAINING-live-fire-night-049.jpg,PICS MASTER/BURNOUT,ART16-TRAINING,USE,Night live-fire training event Jul-Nov 2018; hose teams and fire silhouettes,4608,3456,7180207,2018:07:27 22:01:43,61.5,
/Volumes/AM ARFF/PICS MASTER/BURNOUT/102NIKON/DSCN1348.JPG,/Volumes/AM ARFF/PICS MASTER/BURNOUT/102NIKON/ART16-TRAINING-live-fire-night-050.jpg,PICS MASTER/BURNOUT,ART16-TRAINING,USE,Night live-fire training event Jul-Nov 2018; hose teams and fire silhouettes,4608,3456,5704910,2018:07:27 22:03:10,28.8,
/Volumes/AM ARFF/PICS MASTER/BURNOUT/102NIKON/DSCN1350.JPG,/Volumes/AM ARFF/PICS MASTER/BURNOUT/102NIKON/ART16-TRAINING-live-fire-night-051.jpg,PICS MASTER/BURNOUT,ART16-TRAINING,USE,Night live-fire training event Jul-Nov 2018; hose teams and fire silhouettes,4608,3456,5831461,2018:07:27 22:03:40,56.4,
/Volumes/AM ARFF/PICS MASTER/BURNOUT/102NIKON/DSCN1351.JPG,/Volumes/AM ARFF/PICS MASTER/BURNOUT/102NIKON/ART16-TRAINING-live-fire-night-052.jpg,PICS MASTER/BURNOUT,ART16-TRAINING,USE,Night live-fire training event Jul-Nov 2018; hose teams and fire silhouettes,4608,3456,6722020,2018:07:27 22:03:47,71.7,
/Volumes/AM ARFF/PICS MASTER/BURNOUT/102NIKON/DSCN1354.JPG,/Volumes/AM ARFF/PICS MASTER/BURNOUT/102NIKON/ART16-TRAINING-live-fire-night-053.jpg,PICS MASTER/BURNOUT,ART16-TRAINING,USE,Night live-fire training event Jul-Nov 2018; hose teams and fire silhouettes,4608,3456,6439399,2018:07:27 22:05:04,44.4,
/Volumes/AM ARFF/PICS MASTER/BURNOUT/102NIKON/DSCN1355.JPG,/Volumes/AM ARFF/PICS MASTER/BURNOUT/102NIKON/ART16-TRAINING-live-fire-night-054.jpg,PICS MASTER/BURNOUT,ART16-TRAINING,USE,Night live-fire training event Jul-Nov 2018; hose teams and fire silhouettes,4608,3456,6219584,2018:07:27 22:05:19,62.6,
/Volumes/AM ARFF/PICS MASTER/BURNOUT/102NIKON/DSCN1356.JPG,/Volumes/AM ARFF/PICS MASTER/BURNOUT/102NIKON/ART16-TRAINING-live-fire-night-055.jpg,PICS MASTER/BURNOUT,ART16-TRAINING,USE,Night live-fire training event Jul-Nov 2018; hose teams and fire silhouettes,4608,3456,7243603,2018:07:27 22:05:37,137.5,
/Volumes/AM ARFF/PICS MASTER/BURNOUT/102NIKON/DSCN1357.JPG,/Volumes/AM ARFF/PICS MASTER/BURNOUT/102NIKON/ART16-TRAINING-live-fire-night-056.jpg,PICS MASTER/BURNOUT,ART16-TRAINING,USE,Night live-fire training event Jul-Nov 2018; hose teams and fire silhouettes,4608,3456,6694384,2018:07:27 22:05:48,62.8,
/Volumes/AM ARFF/PICS MASTER/BURNOUT/102NIKON/DSCN1358.JPG,/Volumes/AM ARFF/PICS MASTER/BURNOUT/102NIKON/ART16-TRAINING-live-fire-night-057.jpg,PICS MASTER/BURNOUT,ART16-TRAINING,USE,Night live-fire training event Jul-Nov 2018; hose teams and fire silhouettes,4608,3456,7249452,2018:07:27 22:06:02,40.8,
/Volumes/AM ARFF/PICS MASTER/BURNOUT/102NIKON/DSCN1359.JPG,/Volumes/AM ARFF/PICS MASTER/BURNOUT/102NIKON/ART16-TRAINING-live-fire-night-058.jpg,PICS MASTER/BURNOUT,ART16-TRAINING,USE,Night live-fire training event Jul-Nov 2018; hose teams and fire silhouettes,4608,3456,6678465,2018:07:27 22:06:12,53.3,
/Volumes/AM ARFF/PICS MASTER/BURNOUT/102NIKON/DSCN1360.JPG,/Volumes/AM ARFF/PICS MASTER/BURNOUT/102NIKON/ART16-TRAINING-live-fire-night-059.jpg,PICS MASTER/BURNOUT,ART16-TRAINING,USE,Night live-fire training event Jul-Nov 2018; hose teams and fire silhouettes,4608,3456,7467914,2018:07:27 22:06:38,57.7,
/Volumes/AM ARFF/PICS MASTER/BURNOUT/102NIKON/DSCN1361.JPG,/Volumes/AM ARFF/PICS MASTER/BURNOUT/102NIKON/ART16-TRAINING-live-fire-night-060.jpg,PICS MASTER/BURNOUT,ART16-TRAINING,USE,Night live-fire training event Jul-Nov 2018; hose teams and fire silhouettes,4608,3456,6328944,2018:07:27 22:06:54,96.0,
/Volumes/AM ARFF/PICS MASTER/BURNOUT/102NIKON/DSCN1362.JPG,/Volumes/AM ARFF/PICS MASTER/BURNOUT/102NIKON/EXCLUDE-DARK-dark-frame-008.jpg,PICS MASTER/BURNOUT,EXCLUDE-DARK,EXCLUDE,Near-black frame (mean luminance 9.5); nothing to teach,4608,3456,4517500,2018:07:27 22:07:59,9.5,
/Volumes/AM ARFF/PICS MASTER/BURNOUT/102NIKON/DSCN1363.JPG,/Volumes/AM ARFF/PICS MASTER/BURNOUT/102NIKON/ART16-TRAINING-live-fire-night-061.jpg,PICS MASTER/BURNOUT,ART16-TRAINING,USE,Night live-fire training event Jul-Nov 2018; hose teams and fire silhouettes,4608,3456,6955230,2018:07:27 22:08:16,25.1,
/Volumes/AM ARFF/PICS MASTER/BURNOUT/102NIKON/DSCN1364.JPG,/Volumes/AM ARFF/PICS MASTER/BURNOUT/102NIKON/EXCLUDE-DARK-dark-frame-009.jpg,PICS MASTER/BURNOUT,EXCLUDE-DARK,EXCLUDE,Near-black frame (mean luminance 13.3); nothing to teach,4608,3456,5983799,2018:07:27 22:08:32,13.3,
/Volumes/AM ARFF/PICS MASTER/BURNOUT/102NIKON/DSCN1365.JPG,/Volumes/AM ARFF/PICS MASTER/BURNOUT/102NIKON/ART16-TRAINING-live-fire-night-062.jpg,PICS MASTER/BURNOUT,ART16-TRAINING,USE,Night live-fire training event Jul-Nov 2018; hose teams and fire silhouettes,4608,3456,5861635,2018:07:27 22:09:28,121.0,
/Volumes/AM ARFF/PICS MASTER/BURNOUT/102NIKON/DSCN1366.JPG,/Volumes/AM ARFF/PICS MASTER/BURNOUT/102NIKON/EXCLUDE-DARK-dark-frame-010.jpg,PICS MASTER/BURNOUT,EXCLUDE-DARK,EXCLUDE,Near-black frame (mean luminance 13.3); nothing to teach,4608,3456,5343676,2018:07:27 22:09:38,13.3,
/Volumes/AM ARFF/PICS MASTER/BURNOUT/102NIKON/DSCN1367.JPG,/Volumes/AM ARFF/PICS MASTER/BURNOUT/102NIKON/ART16-TRAINING-live-fire-night-063.jpg,PICS MASTER/BURNOUT,ART16-TRAINING,USE,Night live-fire training event Jul-Nov 2018; hose teams and fire silhouettes,4608,3456,6253940,2018:07:27 22:10:43,62.4,
/Volumes/AM ARFF/PICS MASTER/BURNOUT/102NIKON/DSCN1368.JPG,/Volumes/AM ARFF/PICS MASTER/BURNOUT/102NIKON/EXCLUDE-DARK-dark-frame-011.jpg,PICS MASTER/BURNOUT,EXCLUDE-DARK,EXCLUDE,Near-black frame (mean luminance 11.6); nothing to teach,4608,3456,4992823,2018:07:27 22:10:54,11.6,
/Volumes/AM ARFF/PICS MASTER/BURNOUT/102NIKON/DSCN1370.JPG,/Volumes/AM ARFF/PICS MASTER/BURNOUT/102NIKON/EXCLUDE-DARK-dark-frame-012.jpg,PICS MASTER/BURNOUT,EXCLUDE-DARK,EXCLUDE,Near-black frame (mean luminance 10.2); nothing to teach,4608,3456,4958085,2018:07:27 22:11:20,10.2,
/Volumes/AM ARFF/PICS MASTER/BURNOUT/102NIKON/DSCN1371.JPG,/Volumes/AM ARFF/PICS MASTER/BURNOUT/102NIKON/ART16-TRAINING-live-fire-night-064.jpg,PICS MASTER/BURNOUT,ART16-TRAINING,USE,Night live-fire training event Jul-Nov 2018; hose teams and fire silhouettes,4608,3456,6160731,2018:07:27 22:14:43,58.9,
/Volumes/AM ARFF/PICS MASTER/BURNOUT/102NIKON/DSCN1372.JPG,/Volumes/AM ARFF/PICS MASTER/BURNOUT/102NIKON/ART16-TRAINING-live-fire-night-065.jpg,PICS MASTER/BURNOUT,ART16-TRAINING,USE,Night live-fire training event Jul-Nov 2018; hose teams and fire silhouettes,4608,3456,5849195,2018:07:27 22:16:52,164.0,
/Volumes/AM ARFF/PICS MASTER/BURNOUT/102NIKON/DSCN1373.JPG,/Volumes/AM ARFF/PICS MASTER/BURNOUT/102NIKON/ART16-TRAINING-live-fire-night-066.jpg,PICS MASTER/BURNOUT,ART16-TRAINING,USE,Night live-fire training event Jul-Nov 2018; hose teams and fire silhouettes,4608,3456,6947610,2018:07:27 22:17:13,76.8,
/Volumes/AM ARFF/PICS MASTER/BURNOUT/102NIKON/DSCN1374.JPG,/Volumes/AM ARFF/PICS MASTER/BURNOUT/102NIKON/ART16-TRAINING-live-fire-night-067.jpg,PICS MASTER/BURNOUT,ART16-TRAINING,USE,Night live-fire training event Jul-Nov 2018; hose teams and fire silhouettes,4608,3456,7155318,2018:07:27 22:18:04,73.7,
/Volumes/AM ARFF/PICS MASTER/BURNOUT/102NIKON/DSCN1375.JPG,/Volumes/AM ARFF/PICS MASTER/BURNOUT/102NIKON/ART16-TRAINING-live-fire-night-068.jpg,PICS MASTER/BURNOUT,ART16-TRAINING,USE,Night live-fire training event Jul-Nov 2018; hose teams and fire silhouettes,4608,3456,8124584,2018:07:27 22:18:33,81.2,
/Volumes/AM ARFF/PICS MASTER/BURNOUT/102NIKON/DSCN1376.JPG,/Volumes/AM ARFF/PICS MASTER/BURNOUT/102NIKON/ART16-TRAINING-live-fire-night-069.jpg,PICS MASTER/BURNOUT,ART16-TRAINING,USE,Night live-fire training event Jul-Nov 2018; hose teams and fire silhouettes,4608,3456,7378372,2018:07:27 22:18:41,20.6,
/Volumes/AM ARFF/PICS MASTER/BURNOUT/102NIKON/DSCN1377.JPG,/Volumes/AM ARFF/PICS MASTER/BURNOUT/102NIKON/ART16-TRAINING-live-fire-night-070.jpg,PICS MASTER/BURNOUT,ART16-TRAINING,USE,Night live-fire training event Jul-Nov 2018; hose teams and fire silhouettes,4608,3456,7375430,2018:07:27 22:18:45,17.6,
/Volumes/AM ARFF/PICS MASTER/BURNOUT/FIRE/IMG_3475.jpg,/Volumes/AM ARFF/PICS MASTER/BURNOUT/FIRE/ART16-TRAINING-live-fire-night-071.jpg,PICS MASTER/BURNOUT,ART16-TRAINING,USE,Night live-fire training event Jul-Nov 2018; hose teams and fire silhouettes,320,240,61092,2018:08:31 19:44:27,84.8,
/Volumes/AM ARFF/PICS MASTER/BURNOUT/FIRE/IMG_3476.jpg,/Volumes/AM ARFF/PICS MASTER/BURNOUT/FIRE/ART16-TRAINING-live-fire-night-072.jpg,PICS MASTER/BURNOUT,ART16-TRAINING,USE,Night live-fire training event Jul-Nov 2018; hose teams and fire silhouettes,320,240,62678,2018:08:31 19:44:31,92.8,
/Volumes/AM ARFF/PICS MASTER/BURNOUT/FIRE/IMG_3477.jpg,/Volumes/AM ARFF/PICS MASTER/BURNOUT/FIRE/ART16-TRAINING-live-fire-night-073.jpg,PICS MASTER/BURNOUT,ART16-TRAINING,USE,Night live-fire training event Jul-Nov 2018; hose teams and fire silhouettes,320,240,62663,2018:08:31 19:44:31,96.0,
/Volumes/AM ARFF/PICS MASTER/BURNOUT/FIRE/IMG_3478.jpg,/Volumes/AM ARFF/PICS MASTER/BURNOUT/FIRE/ART16-TRAINING-live-fire-night-074.jpg,PICS MASTER/BURNOUT,ART16-TRAINING,USE,Night live-fire training event Jul-Nov 2018; hose teams and fire silhouettes,320,240,62620,2018:08:31 19:44:34,95.1,
/Volumes/AM ARFF/PICS MASTER/BURNOUT/FIRE/IMG_3479.jpg,/Volumes/AM ARFF/PICS MASTER/BURNOUT/FIRE/ART16-TRAINING-live-fire-night-075.jpg,PICS MASTER/BURNOUT,ART16-TRAINING,USE,Night live-fire training event Jul-Nov 2018; hose teams and fire silhouettes,4032,3024,344177,2018:08:31 19:44:39,122.0,
/Volumes/AM ARFF/PICS MASTER/BURNOUT/FIRE/IMG_3481.jpg,/Volumes/AM ARFF/PICS MASTER/BURNOUT/FIRE/ART16-TRAINING-live-fire-night-076.jpg,PICS MASTER/BURNOUT,ART16-TRAINING,USE,Night live-fire training event Jul-Nov 2018; hose teams and fire silhouettes,4032,3024,381334,2018:08:31 19:44:43,98.8,
/Volumes/AM ARFF/PICS MASTER/BURNOUT/FIRE/IMG_3482.jpg,/Volumes/AM ARFF/PICS MASTER/BURNOUT/FIRE/ART16-TRAINING-live-fire-night-077.jpg,PICS MASTER/BURNOUT,ART16-TRAINING,USE,Night live-fire training event Jul-Nov 2018; hose teams and fire silhouettes,320,240,61828,2018:08:31 19:44:45,86.5,
/Volumes/AM ARFF/PICS MASTER/BURNOUT/FIRE/IMG_3485.jpg,/Volumes/AM ARFF/PICS MASTER/BURNOUT/FIRE/ART16-TRAINING-live-fire-night-078.jpg,PICS MASTER/BURNOUT,ART16-TRAINING,USE,Night live-fire training event Jul-Nov 2018; hose teams and fire silhouettes,4032,3024,377201,2018:08:31 19:45:03,78.5,
/Volumes/AM ARFF/PICS MASTER/BURNOUT/FIRE/IMG_3488.jpg,/Volumes/AM ARFF/PICS MASTER/BURNOUT/FIRE/ART16-TRAINING-live-fire-night-079.jpg,PICS MASTER/BURNOUT,ART16-TRAINING,USE,Night live-fire training event Jul-Nov 2018; hose teams and fire silhouettes,320,240,66404,2018:08:31 19:45:40,100.9,
/Volumes/AM ARFF/PICS MASTER/BURNOUT/FIRE/IMG_3498.jpg,/Volumes/AM ARFF/PICS MASTER/BURNOUT/FIRE/ART16-TRAINING-live-fire-night-080.jpg,PICS MASTER/BURNOUT,ART16-TRAINING,USE,Night live-fire training event Jul-Nov 2018; hose teams and fire silhouettes,4032,3024,385122,2018:08:31 19:46:07,59.9,
/Volumes/AM ARFF/PICS MASTER/BURNOUT/FIRE/IMG_4288 - Copy (2).jpg,/Volumes/AM ARFF/PICS MASTER/BURNOUT/FIRE/ART16-TRAINING-live-fire-night-081.jpg,PICS MASTER/BURNOUT,ART16-TRAINING,USE,Night live-fire training event Jul-Nov 2018; hose teams and fire silhouettes,640,480,125689,2018:11:30 19:38:28,113.1,
/Volumes/AM ARFF/PICS MASTER/BURNOUT/FIRE/IMG_4288 - Copy.jpg,/Volumes/AM ARFF/PICS MASTER/BURNOUT/FIRE/ART16-TRAINING-live-fire-night-082-dup2.jpg,PICS MASTER/BURNOUT,ART16-TRAINING,USE,Night live-fire training event Jul-Nov 2018; hose teams and fire silhouettes,640,480,125689,2018:11:30 19:38:28,113.1,yes
/Volumes/AM ARFF/PICS MASTER/BURNOUT/FIRE/IMG_4288.jpg,/Volumes/AM ARFF/PICS MASTER/BURNOUT/FIRE/ART16-TRAINING-live-fire-night-083-dup3.jpg,PICS MASTER/BURNOUT,ART16-TRAINING,USE,Night live-fire training event Jul-Nov 2018; hose teams and fire silhouettes,640,480,125689,2018:11:30 19:38:28,113.1,yes
/Volumes/AM ARFF/PICS MASTER/BURNOUT/FIRE/IMG_4289 - Copy (2).jpg,/Volumes/AM ARFF/PICS MASTER/BURNOUT/FIRE/ART16-TRAINING-live-fire-night-084.jpg,PICS MASTER/BURNOUT,ART16-TRAINING,USE,Night live-fire training event Jul-Nov 2018; hose teams and fire silhouettes,4032,3024,345364,2018:11:30 19:38:35,82.1,
/Volumes/AM ARFF/PICS MASTER/BURNOUT/FIRE/IMG_4289 - Copy.jpg,/Volumes/AM ARFF/PICS MASTER/BURNOUT/FIRE/ART16-TRAINING-live-fire-night-085-dup2.jpg,PICS MASTER/BURNOUT,ART16-TRAINING,USE,Night live-fire training event Jul-Nov 2018; hose teams and fire silhouettes,4032,3024,345364,2018:11:30 19:38:35,82.1,yes
/Volumes/AM ARFF/PICS MASTER/BURNOUT/FIRE/IMG_4289.jpg,/Volumes/AM ARFF/PICS MASTER/BURNOUT/FIRE/ART16-TRAINING-live-fire-night-086-dup3.jpg,PICS MASTER/BURNOUT,ART16-TRAINING,USE,Night live-fire training event Jul-Nov 2018; hose teams and fire silhouettes,4032,3024,345364,2018:11:30 19:38:35,82.1,yes
/Volumes/AM ARFF/PICS MASTER/BURNOUT/FIRE/IMG_4290 (2).jpg,/Volumes/AM ARFF/PICS MASTER/BURNOUT/FIRE/ART16-TRAINING-live-fire-night-087.jpg,PICS MASTER/BURNOUT,ART16-TRAINING,USE,Night live-fire training event Jul-Nov 2018; hose teams and fire silhouettes,3197,1798,451404,2019:01:23 11:37:07,78.5,
/Volumes/AM ARFF/PICS MASTER/BURNOUT/FIRE/IMG_4290 - Copy (2).jpg,/Volumes/AM ARFF/PICS MASTER/BURNOUT/FIRE/ART16-TRAINING-live-fire-night-088.jpg,PICS MASTER/BURNOUT,ART16-TRAINING,USE,Night live-fire training event Jul-Nov 2018; hose teams and fire silhouettes,4032,3024,338886,2018:11:30 19:38:36,68.2,
/Volumes/AM ARFF/PICS MASTER/BURNOUT/FIRE/IMG_4290 - Copy.jpg,/Volumes/AM ARFF/PICS MASTER/BURNOUT/FIRE/ART16-TRAINING-live-fire-night-089-dup2.jpg,PICS MASTER/BURNOUT,ART16-TRAINING,USE,Night live-fire training event Jul-Nov 2018; hose teams and fire silhouettes,4032,3024,338886,2018:11:30 19:38:36,68.2,yes
/Volumes/AM ARFF/PICS MASTER/BURNOUT/FIRE/IMG_4290.jpg,/Volumes/AM ARFF/PICS MASTER/BURNOUT/FIRE/ART16-TRAINING-live-fire-night-090-dup3.jpg,PICS MASTER/BURNOUT,ART16-TRAINING,USE,Night live-fire training event Jul-Nov 2018; hose teams and fire silhouettes,4032,3024,338886,2018:11:30 19:38:36,68.2,yes
/Volumes/AM ARFF/PICS MASTER/BURNOUT/FIRE/IMG_4300 - Copy (2).jpg,/Volumes/AM ARFF/PICS MASTER/BURNOUT/FIRE/ART16-TRAINING-live-fire-night-091.jpg,PICS MASTER/BURNOUT,ART16-TRAINING,USE,Night live-fire training event Jul-Nov 2018; hose teams and fire silhouettes,4032,3024,351710,2018:11:30 19:40:02,84.7,
/Volumes/AM ARFF/PICS MASTER/BURNOUT/FIRE/IMG_4300 - Copy.jpg,/Volumes/AM ARFF/PICS MASTER/BURNOUT/FIRE/ART16-TRAINING-live-fire-night-092-dup2.jpg,PICS MASTER/BURNOUT,ART16-TRAINING,USE,Night live-fire training event Jul-Nov 2018; hose teams and fire silhouettes,4032,3024,351710,2018:11:30 19:40:02,84.7,yes
/Volumes/AM ARFF/PICS MASTER/BURNOUT/FIRE/IMG_4300.jpg,/Volumes/AM ARFF/PICS MASTER/BURNOUT/FIRE/ART16-TRAINING-live-fire-night-093-dup3.jpg,PICS MASTER/BURNOUT,ART16-TRAINING,USE,Night live-fire training event Jul-Nov 2018; hose teams and fire silhouettes,4032,3024,351710,2018:11:30 19:40:02,84.7,yes
/Volumes/AM ARFF/PICS MASTER/BURNOUT/FIRE/IMG_4303 - Copy (2).jpg,/Volumes/AM ARFF/PICS MASTER/BURNOUT/FIRE/ART16-TRAINING-live-fire-night-094.jpg,PICS MASTER/BURNOUT,ART16-TRAINING,USE,Night live-fire training event Jul-Nov 2018; hose teams and fire silhouettes,640,480,132088,2018:11:30 19:40:10,97.9,
/Volumes/AM ARFF/PICS MASTER/BURNOUT/FIRE/IMG_4303 - Copy.jpg,/Volumes/AM ARFF/PICS MASTER/BURNOUT/FIRE/ART16-TRAINING-live-fire-night-095-dup2.jpg,PICS MASTER/BURNOUT,ART16-TRAINING,USE,Night live-fire training event Jul-Nov 2018; hose teams and fire silhouettes,640,480,132088,2018:11:30 19:40:10,97.9,yes
/Volumes/AM ARFF/PICS MASTER/BURNOUT/FIRE/IMG_4303.jpg,/Volumes/AM ARFF/PICS MASTER/BURNOUT/FIRE/ART16-TRAINING-live-fire-night-096-dup3.jpg,PICS MASTER/BURNOUT,ART16-TRAINING,USE,Night live-fire training event Jul-Nov 2018; hose teams and fire silhouettes,640,480,132088,2018:11:30 19:40:10,97.9,yes
/Volumes/AM ARFF/PICS MASTER/BURNOUT/FIRE/IMG_4305 - Copy (2).jpg,/Volumes/AM ARFF/PICS MASTER/BURNOUT/FIRE/ART16-TRAINING-live-fire-night-097.jpg,PICS MASTER/BURNOUT,ART16-TRAINING,USE,Night live-fire training event Jul-Nov 2018; hose teams and fire silhouettes,4032,3024,327995,2018:11:30 19:40:23,64.9,
/Volumes/AM ARFF/PICS MASTER/BURNOUT/FIRE/IMG_4305 - Copy.jpg,/Volumes/AM ARFF/PICS MASTER/BURNOUT/FIRE/ART16-TRAINING-live-fire-night-098-dup2.jpg,PICS MASTER/BURNOUT,ART16-TRAINING,USE,Night live-fire training event Jul-Nov 2018; hose teams and fire silhouettes,4032,3024,327995,2018:11:30 19:40:23,64.9,yes
/Volumes/AM ARFF/PICS MASTER/BURNOUT/FIRE/IMG_4305.jpg,/Volumes/AM ARFF/PICS MASTER/BURNOUT/FIRE/ART16-TRAINING-live-fire-night-099-dup3.jpg,PICS MASTER/BURNOUT,ART16-TRAINING,USE,Night live-fire training event Jul-Nov 2018; hose teams and fire silhouettes,4032,3024,327995,2018:11:30 19:40:23,64.9,yes
/Volumes/AM ARFF/PICS MASTER/BURNOUT/FIRE/IMG_4321 - Copy (2).jpg,/Volumes/AM ARFF/PICS MASTER/BURNOUT/FIRE/ART16-TRAINING-live-fire-night-100.jpg,PICS MASTER/BURNOUT,ART16-TRAINING,USE,Night live-fire training event Jul-Nov 2018; hose teams and fire silhouettes,640,480,109729,2018:11:30 19:46:16,79.4,
/Volumes/AM ARFF/PICS MASTER/BURNOUT/FIRE/IMG_4321 - Copy.jpg,/Volumes/AM ARFF/PICS MASTER/BURNOUT/FIRE/ART16-TRAINING-live-fire-night-101-dup2.jpg,PICS MASTER/BURNOUT,ART16-TRAINING,USE,Night live-fire training event Jul-Nov 2018; hose teams and fire silhouettes,640,480,109729,2018:11:30 19:46:16,79.4,yes
/Volumes/AM ARFF/PICS MASTER/BURNOUT/FIRE/IMG_4321.jpg,/Volumes/AM ARFF/PICS MASTER/BURNOUT/FIRE/ART16-TRAINING-live-fire-night-102-dup3.jpg,PICS MASTER/BURNOUT,ART16-TRAINING,USE,Night live-fire training event Jul-Nov 2018; hose teams and fire silhouettes,640,480,109729,2018:11:30 19:46:16,79.4,yes
/Volumes/AM ARFF/PICS MASTER/BURNOUT/FIRE/IMG_4324 - Copy (2).jpg,/Volumes/AM ARFF/PICS MASTER/BURNOUT/FIRE/ART16-TRAINING-live-fire-night-103.jpg,PICS MASTER/BURNOUT,ART16-TRAINING,USE,Night live-fire training event Jul-Nov 2018; hose teams and fire silhouettes,4032,3024,360285,2018:11:30 19:46:28,67.0,
/Volumes/AM ARFF/PICS MASTER/BURNOUT/FIRE/IMG_4324 - Copy.jpg,/Volumes/AM ARFF/PICS MASTER/BURNOUT/FIRE/ART16-TRAINING-live-fire-night-104-dup2.jpg,PICS MASTER/BURNOUT,ART16-TRAINING,USE,Night live-fire training event Jul-Nov 2018; hose teams and fire silhouettes,4032,3024,360285,2018:11:30 19:46:28,67.0,yes
/Volumes/AM ARFF/PICS MASTER/BURNOUT/FIRE/IMG_4324.jpg,/Volumes/AM ARFF/PICS MASTER/BURNOUT/FIRE/ART16-TRAINING-live-fire-night-105-dup3.jpg,PICS MASTER/BURNOUT,ART16-TRAINING,USE,Night live-fire training event Jul-Nov 2018; hose teams and fire silhouettes,4032,3024,360285,2018:11:30 19:46:28,67.0,yes
/Volumes/AM ARFF/PICS MASTER/BURNOUT/FIRE/thEUDK7ZQ0.jpg,/Volumes/AM ARFF/PICS MASTER/BURNOUT/FIRE/ART16-TRAINING-live-fire-night-106.jpg,PICS MASTER/BURNOUT,ART16-TRAINING,USE,Night live-fire training event Jul-Nov 2018; hose teams and fire silhouettes,612,612,33474,,14.0,
/Volumes/AM ARFF/PICS MASTER/BURNOUT/IMG_4288.jpg,/Volumes/AM ARFF/PICS MASTER/BURNOUT/ART16-TRAINING-live-fire-night-107-dup4.jpg,PICS MASTER/BURNOUT,ART16-TRAINING,USE,Night live-fire training event Jul-Nov 2018; hose teams and fire silhouettes,640,480,125689,2018:11:30 19:38:28,113.1,yes
/Volumes/AM ARFF/PICS MASTER/BURNOUT/IMG_4289.jpg,/Volumes/AM ARFF/PICS MASTER/BURNOUT/ART16-TRAINING-live-fire-night-108-dup4.jpg,PICS MASTER/BURNOUT,ART16-TRAINING,USE,Night live-fire training event Jul-Nov 2018; hose teams and fire silhouettes,4032,3024,345364,2018:11:30 19:38:35,82.1,yes
/Volumes/AM ARFF/PICS MASTER/BURNOUT/IMG_4290.jpg,/Volumes/AM ARFF/PICS MASTER/BURNOUT/ART16-TRAINING-live-fire-night-109-dup4.jpg,PICS MASTER/BURNOUT,ART16-TRAINING,USE,Night live-fire training event Jul-Nov 2018; hose teams and fire silhouettes,4032,3024,338886,2018:11:30 19:38:36,68.2,yes
/Volumes/AM ARFF/PICS MASTER/BURNOUT/IMG_4300.jpg,/Volumes/AM ARFF/PICS MASTER/BURNOUT/ART16-TRAINING-live-fire-night-110-dup4.jpg,PICS MASTER/BURNOUT,ART16-TRAINING,USE,Night live-fire training event Jul-Nov 2018; hose teams and fire silhouettes,4032,3024,351710,2018:11:30 19:40:02,84.7,yes
/Volumes/AM ARFF/PICS MASTER/BURNOUT/IMG_4303.jpg,/Volumes/AM ARFF/PICS MASTER/BURNOUT/ART16-TRAINING-live-fire-night-111-dup4.jpg,PICS MASTER/BURNOUT,ART16-TRAINING,USE,Night live-fire training event Jul-Nov 2018; hose teams and fire silhouettes,640,480,132088,2018:11:30 19:40:10,97.9,yes
/Volumes/AM ARFF/PICS MASTER/BURNOUT/IMG_4305.jpg,/Volumes/AM ARFF/PICS MASTER/BURNOUT/ART16-TRAINING-live-fire-night-112-dup4.jpg,PICS MASTER/BURNOUT,ART16-TRAINING,USE,Night live-fire training event Jul-Nov 2018; hose teams and fire silhouettes,4032,3024,327995,2018:11:30 19:40:23,64.9,yes
/Volumes/AM ARFF/PICS MASTER/BURNOUT/IMG_4321.jpg,/Volumes/AM ARFF/PICS MASTER/BURNOUT/ART16-TRAINING-live-fire-night-113-dup4.jpg,PICS MASTER/BURNOUT,ART16-TRAINING,USE,Night live-fire training event Jul-Nov 2018; hose teams and fire silhouettes,640,480,109729,2018:11:30 19:46:16,79.4,yes
/Volumes/AM ARFF/PICS MASTER/BURNOUT/IMG_4324.jpg,/Volumes/AM ARFF/PICS MASTER/BURNOUT/ART16-TRAINING-live-fire-night-114-dup4.jpg,PICS MASTER/BURNOUT,ART16-TRAINING,USE,Night live-fire training event Jul-Nov 2018; hose teams and fire silhouettes,4032,3024,360285,2018:11:30 19:46:28,67.0,yes
/Volumes/AM ARFF/PICS MASTER/Dangerous  Goods Pictures/Class 1 - Hazard Labels.jpg,/Volumes/AM ARFF/PICS MASTER/Dangerous  Goods Pictures/ART13-DG-dg-class-1-hazard-labels-001.jpg,PICS MASTER/Dangerous  Goods Pictures,ART13-DG,USE,"Individual DG placards and handling labels, class by class",4329,4067,1408446,2006:02:03 15:27:35,213.4,
/Volumes/AM ARFF/PICS MASTER/Dangerous  Goods Pictures/Class 1.1.jpg,/Volumes/AM ARFF/PICS MASTER/Dangerous  Goods Pictures/ART13-DG-dg-class-1-1-001.jpg,PICS MASTER/Dangerous  Goods Pictures,ART13-DG,USE,"Individual DG placards and handling labels, class by class",968,973,100035,2006:02:03 15:15:49,199.0,
/Volumes/AM ARFF/PICS MASTER/Dangerous  Goods Pictures/Class 1.2.jpg,/Volumes/AM ARFF/PICS MASTER/Dangerous  Goods Pictures/ART13-DG-dg-class-1-2-001.jpg,PICS MASTER/Dangerous  Goods Pictures,ART13-DG,USE,"Individual DG placards and handling labels, class by class",978,979,116123,2006:02:03 15:17:14,197.9,
/Volumes/AM ARFF/PICS MASTER/Dangerous  Goods Pictures/Class 1.3.jpg,/Volumes/AM ARFF/PICS MASTER/Dangerous  Goods Pictures/ART13-DG-dg-class-1-3-001.jpg,PICS MASTER/Dangerous  Goods Pictures,ART13-DG,USE,"Individual DG placards and handling labels, class by class",966,980,110841,2006:02:03 15:30:20,199.5,
/Volumes/AM ARFF/PICS MASTER/Dangerous  Goods Pictures/Class 1.4 C1.jpg,/Volumes/AM ARFF/PICS MASTER/Dangerous  Goods Pictures/ART13-DG-dg-class-1-4-c1-001.jpg,PICS MASTER/Dangerous  Goods Pictures,ART13-DG,USE,"Individual DG placards and handling labels, class by class",960,958,106271,2006:02:03 15:38:53,195.2,
/Volumes/AM ARFF/PICS MASTER/Dangerous  Goods Pictures/Class 1.4 D1.jpg,/Volumes/AM ARFF/PICS MASTER/Dangerous  Goods Pictures/ART13-DG-dg-class-1-4-d1-001.jpg,PICS MASTER/Dangerous  Goods Pictures,ART13-DG,USE,"Individual DG placards and handling labels, class by class",960,982,107457,2006:02:03 15:43:44,195.3,
/Volumes/AM ARFF/PICS MASTER/Dangerous  Goods Pictures/Class 1.4 E1.jpg,/Volumes/AM ARFF/PICS MASTER/Dangerous  Goods Pictures/ART13-DG-dg-class-1-4-e1-001.jpg,PICS MASTER/Dangerous  Goods Pictures,ART13-DG,USE,"Individual DG placards and handling labels, class by class",973,973,116776,2006:02:03 15:32:15,198.4,
/Volumes/AM ARFF/PICS MASTER/Dangerous  Goods Pictures/Class 1.4 F1.jpg,/Volumes/AM ARFF/PICS MASTER/Dangerous  Goods Pictures/ART13-DG-dg-class-1-4-f1-001.jpg,PICS MASTER/Dangerous  Goods Pictures,ART13-DG,USE,"Individual DG placards and handling labels, class by class",981,996,109320,2006:02:03 15:19:09,199.9,
/Volumes/AM ARFF/PICS MASTER/Dangerous  Goods Pictures/Class 1.4 G1.jpg,/Volumes/AM ARFF/PICS MASTER/Dangerous  Goods Pictures/ART13-DG-dg-class-1-4-g1-001.jpg,PICS MASTER/Dangerous  Goods Pictures,ART13-DG,USE,"Individual DG placards and handling labels, class by class",991,991,105357,2006:02:03 15:34:49,200.0,
/Volumes/AM ARFF/PICS MASTER/Dangerous  Goods Pictures/Class 1.4 S1.jpg,/Volumes/AM ARFF/PICS MASTER/Dangerous  Goods Pictures/ART13-DG-dg-class-1-4-s1-001.jpg,PICS MASTER/Dangerous  Goods Pictures,ART13-DG,USE,"Individual DG placards and handling labels, class by class",962,981,111944,2006:02:03 15:42:22,196.3,
/Volumes/AM ARFF/PICS MASTER/Dangerous  Goods Pictures/Class 1.4B1.jpg,/Volumes/AM ARFF/PICS MASTER/Dangerous  Goods Pictures/ART13-DG-dg-class-1-4b1-001.jpg,PICS MASTER/Dangerous  Goods Pictures,ART13-DG,USE,"Individual DG placards and handling labels, class by class",983,988,109202,2006:02:03 15:33:30,199.1,
/Volumes/AM ARFF/PICS MASTER/Dangerous  Goods Pictures/Class 1.5 D1.jpg,/Volumes/AM ARFF/PICS MASTER/Dangerous  Goods Pictures/ART13-DG-dg-class-1-5-d1-001.jpg,PICS MASTER/Dangerous  Goods Pictures,ART13-DG,USE,"Individual DG placards and handling labels, class by class",973,977,105526,2006:02:03 15:20:45,197.6,
/Volumes/AM ARFF/PICS MASTER/Dangerous  Goods Pictures/Class 1.6 N1.jpg,/Volumes/AM ARFF/PICS MASTER/Dangerous  Goods Pictures/ART13-DG-dg-class-1-6-n1-001.jpg,PICS MASTER/Dangerous  Goods Pictures,ART13-DG,USE,"Individual DG placards and handling labels, class by class",951,971,100688,2006:02:03 15:22:20,194.4,
/Volumes/AM ARFF/PICS MASTER/Dangerous  Goods Pictures/Class 2 - Flammable Gas.jpg,/Volumes/AM ARFF/PICS MASTER/Dangerous  Goods Pictures/ART13-DG-dg-class-2-flammable-gas-001.jpg,PICS MASTER/Dangerous  Goods Pictures,ART13-DG,USE,"Individual DG placards and handling labels, class by class",957,961,117629,2006:02:03 15:47:36,190.2,
/Volumes/AM ARFF/PICS MASTER/Dangerous  Goods Pictures/Class 2 - Non Flammable Non Toxic Gas.jpg,/Volumes/AM ARFF/PICS MASTER/Dangerous  Goods Pictures/ART13-DG-dg-class-2-non-flammable-non-toxic-gas-001.jpg,PICS MASTER/Dangerous  Goods Pictures,ART13-DG,USE,"Individual DG placards and handling labels, class by class",958,979,120296,2006:02:03 15:48:50,185.7,
/Volumes/AM ARFF/PICS MASTER/Dangerous  Goods Pictures/Class 3 - Flammable Liquid.jpg,/Volumes/AM ARFF/PICS MASTER/Dangerous  Goods Pictures/ART13-DG-dg-class-3-flammable-liquid-001.jpg,PICS MASTER/Dangerous  Goods Pictures,ART13-DG,USE,"Individual DG placards and handling labels, class by class",984,993,123529,2006:02:03 15:50:40,194.1,
"/Volumes/AM ARFF/PICS MASTER/Dangerous  Goods Pictures/Class 4 b,c,d,e,g.JPG",/Volumes/AM ARFF/PICS MASTER/Dangerous  Goods Pictures/ART13-DG-dg-class-4-b-c-d-e-g-001.jpg,PICS MASTER/Dangerous  Goods Pictures,ART13-DG,USE,"Individual DG placards and handling labels, class by class",503,112,11133,,204.9,
/Volumes/AM ARFF/PICS MASTER/Dangerous  Goods Pictures/Class 4.1 - Flammable Solid.jpg,/Volumes/AM ARFF/PICS MASTER/Dangerous  Goods Pictures/ART13-DG-dg-class-4-1-flammable-solid-001.jpg,PICS MASTER/Dangerous  Goods Pictures,ART13-DG,USE,"Individual DG placards and handling labels, class by class",981,961,119630,2006:02:03 15:51:39,210.8,
/Volumes/AM ARFF/PICS MASTER/Dangerous  Goods Pictures/Class 4.3.jpg,/Volumes/AM ARFF/PICS MASTER/Dangerous  Goods Pictures/ART13-DG-dg-class-4-3-001.jpg,PICS MASTER/Dangerous  Goods Pictures,ART13-DG,USE,"Individual DG placards and handling labels, class by class",965,967,115562,2006:02:03 15:54:16,190.9,
/Volumes/AM ARFF/PICS MASTER/Dangerous  Goods Pictures/Class 5.1  - Oxidizer.jpg,/Volumes/AM ARFF/PICS MASTER/Dangerous  Goods Pictures/ART13-DG-dg-class-5-1-oxidizer-001.jpg,PICS MASTER/Dangerous  Goods Pictures,ART13-DG,USE,"Individual DG placards and handling labels, class by class",976,979,117486,2006:02:03 16:00:20,212.5,
/Volumes/AM ARFF/PICS MASTER/Dangerous  Goods Pictures/Class 5.2 - Organic Peroxide.jpg,/Volumes/AM ARFF/PICS MASTER/Dangerous  Goods Pictures/ART13-DG-dg-class-5-2-organic-peroxide-001.jpg,PICS MASTER/Dangerous  Goods Pictures,ART13-DG,USE,"Individual DG placards and handling labels, class by class",976,966,123671,2006:02:03 16:01:02,210.4,
/Volumes/AM ARFF/PICS MASTER/Dangerous  Goods Pictures/Class 6 - Infectious Substance.jpg,/Volumes/AM ARFF/PICS MASTER/Dangerous  Goods Pictures/ART13-DG-dg-class-6-infectious-substance-001.jpg,PICS MASTER/Dangerous  Goods Pictures,ART13-DG,USE,"Individual DG placards and handling labels, class by class",955,979,108371,2006:02:03 16:03:06,231.9,
/Volumes/AM ARFF/PICS MASTER/Dangerous  Goods Pictures/Class 6 - Toxic Gas.jpg,/Volumes/AM ARFF/PICS MASTER/Dangerous  Goods Pictures/ART13-DG-dg-class-6-toxic-gas-001.jpg,PICS MASTER/Dangerous  Goods Pictures,ART13-DG,USE,"Individual DG placards and handling labels, class by class",978,963,100878,2006:02:03 15:49:37,239.8,
/Volumes/AM ARFF/PICS MASTER/Dangerous  Goods Pictures/Class 6 - Toxic.jpg,/Volumes/AM ARFF/PICS MASTER/Dangerous  Goods Pictures/ART13-DG-dg-class-6-toxic-001.jpg,PICS MASTER/Dangerous  Goods Pictures,ART13-DG,USE,"Individual DG placards and handling labels, class by class",977,986,95916,2006:02:03 16:01:45,240.1,
/Volumes/AM ARFF/PICS MASTER/Dangerous  Goods Pictures/Class 6 Div 6.1.JPG,/Volumes/AM ARFF/PICS MASTER/Dangerous  Goods Pictures/ART13-DG-dg-class-6-div-6-1-001.jpg,PICS MASTER/Dangerous  Goods Pictures,ART13-DG,USE,"Individual DG placards and handling labels, class by class",484,480,69332,2006:05:04 10:48:05,236.7,
/Volumes/AM ARFF/PICS MASTER/Dangerous  Goods Pictures/Class 7 (Fissle).jpg,/Volumes/AM ARFF/PICS MASTER/Dangerous  Goods Pictures/ART13-DG-dg-class-7-fissle-001.jpg,PICS MASTER/Dangerous  Goods Pictures,ART13-DG,USE,"Individual DG placards and handling labels, class by class",983,988,78242,2006:02:03 16:07:09,239.9,
/Volumes/AM ARFF/PICS MASTER/Dangerous  Goods Pictures/Class 7 - Radio Active I.jpg,/Volumes/AM ARFF/PICS MASTER/Dangerous  Goods Pictures/ART13-DG-dg-class-7-radio-active-i-001.jpg,PICS MASTER/Dangerous  Goods Pictures,ART13-DG,USE,"Individual DG placards and handling labels, class by class",965,944,96345,2006:02:03 16:04:04,232.4,
/Volumes/AM ARFF/PICS MASTER/Dangerous  Goods Pictures/Class 7 - Radio Active II.jpg,/Volumes/AM ARFF/PICS MASTER/Dangerous  Goods Pictures/ART13-DG-dg-class-7-radio-active-ii-001.jpg,PICS MASTER/Dangerous  Goods Pictures,ART13-DG,USE,"Individual DG placards and handling labels, class by class",979,963,107696,2006:02:03 16:05:26,223.8,
/Volumes/AM ARFF/PICS MASTER/Dangerous  Goods Pictures/Class 7 - Radio Active III.jpg,/Volumes/AM ARFF/PICS MASTER/Dangerous  Goods Pictures/ART13-DG-dg-class-7-radio-active-iii-001.jpg,PICS MASTER/Dangerous  Goods Pictures,ART13-DG,USE,"Individual DG placards and handling labels, class by class",957,950,87623,2006:02:03 16:06:19,222.5,
/Volumes/AM ARFF/PICS MASTER/Dangerous  Goods Pictures/Class 8 (Corrosive).jpg,/Volumes/AM ARFF/PICS MASTER/Dangerous  Goods Pictures/ART13-DG-dg-class-8-corrosive-001.jpg,PICS MASTER/Dangerous  Goods Pictures,ART13-DG,USE,"Individual DG placards and handling labels, class by class",958,970,98170,2006:02:03 16:07:52,211.2,
/Volumes/AM ARFF/PICS MASTER/Dangerous  Goods Pictures/Class 9.jpg,/Volumes/AM ARFF/PICS MASTER/Dangerous  Goods Pictures/ART13-DG-dg-class-9-001.jpg,PICS MASTER/Dangerous  Goods Pictures,ART13-DG,USE,"Individual DG placards and handling labels, class by class",968,983,80813,2006:02:03 16:08:26,225.6,
/Volumes/AM ARFF/PICS MASTER/Dangerous  Goods Pictures/Handling Label - Cryogenic Liquid.jpg,/Volumes/AM ARFF/PICS MASTER/Dangerous  Goods Pictures/ART13-DG-dg-handling-label-cryogenic-liquid-001.jpg,PICS MASTER/Dangerous  Goods Pictures,ART13-DG,USE,"Individual DG placards and handling labels, class by class",610,923,122145,2006:02:03 16:09:12,119.7,
/Volumes/AM ARFF/PICS MASTER/Dangerous  Goods Pictures/Handling Label - Danger.jpg,/Volumes/AM ARFF/PICS MASTER/Dangerous  Goods Pictures/ART13-DG-dg-handling-label-danger-001.jpg,PICS MASTER/Dangerous  Goods Pictures,ART13-DG,USE,"Individual DG placards and handling labels, class by class",1031,956,221097,2006:02:03 16:12:27,114.9,
/Volumes/AM ARFF/PICS MASTER/Dangerous  Goods Pictures/Handling Label - Magnetized Material.jpg,/Volumes/AM ARFF/PICS MASTER/Dangerous  Goods Pictures/ART13-DG-dg-handling-label-magnetized-material-001.jpg,PICS MASTER/Dangerous  Goods Pictures,ART13-DG,USE,"Individual DG placards and handling labels, class by class",905,747,178179,2006:02:03 16:10:27,197.6,
/Volumes/AM ARFF/PICS MASTER/Dangerous  Goods Pictures/Handling Labels.jpg,/Volumes/AM ARFF/PICS MASTER/Dangerous  Goods Pictures/ART13-DG-dg-handling-labels-001.jpg,PICS MASTER/Dangerous  Goods Pictures,ART13-DG,USE,"Individual DG placards and handling labels, class by class",3231,2286,852649,,179.3,
/Volumes/AM ARFF/PICS MASTER/Dangerous  Goods Pictures/Handling Lables (Red Arrows) - This way Up.jpg,/Volumes/AM ARFF/PICS MASTER/Dangerous  Goods Pictures/ART13-DG-dg-handling-lables-red-arrows-this-way-up-001.jpg,PICS MASTER/Dangerous  Goods Pictures,ART13-DG,USE,"Individual DG placards and handling labels, class by class",604,837,99326,2006:02:03 16:13:00,193.4,
/Volumes/AM ARFF/PICS MASTER/Dangerous  Goods Pictures/Handling Lables - (Black Arrows) This way Up.jpg,/Volumes/AM ARFF/PICS MASTER/Dangerous  Goods Pictures/ART13-DG-dg-handling-lables-black-arrows-this-way-up-001.jpg,PICS MASTER/Dangerous  Goods Pictures,ART13-DG,USE,"Individual DG placards and handling labels, class by class",615,856,49103,2006:02:03 16:14:04,220.0,
/Volumes/AM ARFF/PICS MASTER/Dangerous  Goods Pictures/Inner Packages.JPG,/Volumes/AM ARFF/PICS MASTER/Dangerous  Goods Pictures/ART13-DG-dg-inner-packages-001.jpg,PICS MASTER/Dangerous  Goods Pictures,ART13-DG,USE,"Individual DG placards and handling labels, class by class",849,625,87446,,185.2,
/Volumes/AM ARFF/PICS MASTER/Dangerous  Goods Pictures/Keep Away From Heat.jpg,/Volumes/AM ARFF/PICS MASTER/Dangerous  Goods Pictures/ART13-DG-dg-keep-away-from-heat-001.jpg,PICS MASTER/Dangerous  Goods Pictures,ART13-DG,USE,"Individual DG placards and handling labels, class by class",620,858,64578,2006:02:03 16:11:53,229.4,
/Volumes/AM ARFF/PICS MASTER/Dangerous  Goods Pictures/Picture .jpg,/Volumes/AM ARFF/PICS MASTER/Dangerous  Goods Pictures/ART13-DG-dg-picture-001.jpg,PICS MASTER/Dangerous  Goods Pictures,ART13-DG,USE,"Individual DG placards and handling labels, class by class",4480,6544,1748024,2006:02:03 15:27:35,213.3,
/Volumes/AM ARFF/PICS MASTER/Dangerous  Goods Pictures/Picture 002.jpg,/Volumes/AM ARFF/PICS MASTER/Dangerous  Goods Pictures/ART13-DG-dg-picture-002-001.jpg,PICS MASTER/Dangerous  Goods Pictures,ART13-DG,USE,"Individual DG placards and handling labels, class by class",4448,6359,2853441,,208.0,
/Volumes/AM ARFF/PICS MASTER/Dangerous  Goods Pictures/Process of creating DG Instructions.JPG,/Volumes/AM ARFF/PICS MASTER/Dangerous  Goods Pictures/ART13-DG-dg-process-of-creating-dg-instructions-001.jpg,PICS MASTER/Dangerous  Goods Pictures,ART13-DG,USE,"Individual DG placards and handling labels, class by class",334,518,17397,,187.1,
/Volumes/AM ARFF/PICS MASTER/Dangerous  Goods Pictures/Spontaneously Combustionable Div 4.2.jpg,/Volumes/AM ARFF/PICS MASTER/Dangerous  Goods Pictures/ART13-DG-dg-spontaneously-combustionable-div-4-2-001.jpg,PICS MASTER/Dangerous  Goods Pictures,ART13-DG,USE,"Individual DG placards and handling labels, class by class",951,961,108967,2006:02:03 15:53:29,202.1,
/Volumes/AM ARFF/PICS MASTER/Dangerous  Goods Pictures/WCHR Wet Cell Battery.jpg,/Volumes/AM ARFF/PICS MASTER/Dangerous  Goods Pictures/ART13-DG-dg-wchr-wet-cell-battery-001.jpg,PICS MASTER/Dangerous  Goods Pictures,ART13-DG,USE,"Individual DG placards and handling labels, class by class",1343,963,219583,2006:02:03 16:11:10,140.2,
/Volumes/AM ARFF/PICS MASTER/ENGINE DANGERS/ENGINE+DANGER+AREAS+Maintain+a+25-foot+radius+from+the+front+and+sides+of+engines+while+they+are+running..jpg,/Volumes/AM ARFF/PICS MASTER/ENGINE DANGERS/ART15-ENGINE-engine-danger-001.jpg,PICS MASTER/ENGINE DANGERS,ART15-ENGINE,USE,Engine danger-area reference,960,720,75718,,216.5,
/Volumes/AM ARFF/PICS MASTER/ENGINE DANGERS/blast_720.gif,/Volumes/AM ARFF/PICS MASTER/ENGINE DANGERS/ART15-ENGINE-engine-danger-002.gif,PICS MASTER/ENGINE DANGERS,ART15-ENGINE,USE,Engine danger-area reference,720,363,16519,,249.2,
/Volumes/AM ARFF/PICS MASTER/ENGINE DANGERS/maxresdefault-3.jpg,/Volumes/AM ARFF/PICS MASTER/ENGINE DANGERS/EXCLUDE-OFFTOPIC-youtube-thumb-001.jpg,PICS MASTER/ENGINE DANGERS,EXCLUDE-OFFTOPIC,EXCLUDE,YouTube thumbnail; removed from the platform,1000,600,55184,,188.2,
/Volumes/AM ARFF/PICS MASTER/Failed Suicide/P1011439.JPG,/Volumes/AM ARFF/PICS MASTER/Failed Suicide/EXCLUDE-GRAPHIC-road-trauma-001.jpg,PICS MASTER/Failed Suicide,EXCLUDE-GRAPHIC,EXCLUDE,"Road-traffic fatalities, severe injuries and a corpse; not aviation, not usable",800,600,171155,2006:11:21 09:39:30,106.1,
/Volumes/AM ARFF/PICS MASTER/Failed Suicide/P1011440.JPG,/Volumes/AM ARFF/PICS MASTER/Failed Suicide/EXCLUDE-GRAPHIC-road-trauma-002.jpg,PICS MASTER/Failed Suicide,EXCLUDE-GRAPHIC,EXCLUDE,"Road-traffic fatalities, severe injuries and a corpse; not aviation, not usable",800,600,168778,2006:11:21 09:40:29,109.2,
/Volumes/AM ARFF/PICS MASTER/Failed Suicide/P1011442.JPG,/Volumes/AM ARFF/PICS MASTER/Failed Suicide/EXCLUDE-GRAPHIC-road-trauma-003.jpg,PICS MASTER/Failed Suicide,EXCLUDE-GRAPHIC,EXCLUDE,"Road-traffic fatalities, severe injuries and a corpse; not aviation, not usable",800,600,135024,2006:11:21 09:41:50,134.7,
/Volumes/AM ARFF/PICS MASTER/Failed Suicide/P1011447.JPG,/Volumes/AM ARFF/PICS MASTER/Failed Suicide/EXCLUDE-GRAPHIC-road-trauma-004.jpg,PICS MASTER/Failed Suicide,EXCLUDE-GRAPHIC,EXCLUDE,"Road-traffic fatalities, severe injuries and a corpse; not aviation, not usable",800,600,170324,2006:11:21 09:44:25,119.9,
/Volumes/AM ARFF/PICS MASTER/Failed Suicide/P1011448.JPG,/Volumes/AM ARFF/PICS MASTER/Failed Suicide/EXCLUDE-GRAPHIC-road-trauma-005.jpg,PICS MASTER/Failed Suicide,EXCLUDE-GRAPHIC,EXCLUDE,"Road-traffic fatalities, severe injuries and a corpse; not aviation, not usable",800,600,208625,2006:11:21 09:49:05,95.0,
/Volumes/AM ARFF/PICS MASTER/Failed Suicide/P1011451.JPG,/Volumes/AM ARFF/PICS MASTER/Failed Suicide/EXCLUDE-GRAPHIC-road-trauma-006.jpg,PICS MASTER/Failed Suicide,EXCLUDE-GRAPHIC,EXCLUDE,"Road-traffic fatalities, severe injuries and a corpse; not aviation, not usable",800,600,140980,2006:11:21 09:50:16,80.3,
/Volumes/AM ARFF/PICS MASTER/Failed Suicide/P1011452.JPG,/Volumes/AM ARFF/PICS MASTER/Failed Suicide/EXCLUDE-GRAPHIC-road-trauma-007.jpg,PICS MASTER/Failed Suicide,EXCLUDE-GRAPHIC,EXCLUDE,"Road-traffic fatalities, severe injuries and a corpse; not aviation, not usable",800,600,206469,2006:11:21 09:50:48,88.9,
/Volumes/AM ARFF/PICS MASTER/Failed Suicide/P1011453.JPG,/Volumes/AM ARFF/PICS MASTER/Failed Suicide/EXCLUDE-GRAPHIC-road-trauma-008.jpg,PICS MASTER/Failed Suicide,EXCLUDE-GRAPHIC,EXCLUDE,"Road-traffic fatalities, severe injuries and a corpse; not aviation, not usable",800,600,141462,2006:11:21 09:51:14,81.3,
/Volumes/AM ARFF/PICS MASTER/Failed Suicide/P1011454.JPG,/Volumes/AM ARFF/PICS MASTER/Failed Suicide/EXCLUDE-GRAPHIC-road-trauma-009.jpg,PICS MASTER/Failed Suicide,EXCLUDE-GRAPHIC,EXCLUDE,"Road-traffic fatalities, severe injuries and a corpse; not aviation, not usable",800,600,163869,2006:11:21 09:51:37,80.1,
/Volumes/AM ARFF/PICS MASTER/Failed Suicide/P1011455.JPG,/Volumes/AM ARFF/PICS MASTER/Failed Suicide/EXCLUDE-GRAPHIC-road-trauma-010.jpg,PICS MASTER/Failed Suicide,EXCLUDE-GRAPHIC,EXCLUDE,"Road-traffic fatalities, severe injuries and a corpse; not aviation, not usable",800,600,174310,2006:11:21 09:52:09,97.3,
/Volumes/AM ARFF/PICS MASTER/Failed Suicide/image001.jpg,/Volumes/AM ARFF/PICS MASTER/Failed Suicide/EXCLUDE-GRAPHIC-road-trauma-011.jpg,PICS MASTER/Failed Suicide,EXCLUDE-GRAPHIC,EXCLUDE,"Road-traffic fatalities, severe injuries and a corpse; not aviation, not usable",640,480,150729,2006:06:24 23:17:25,95.8,
/Volumes/AM ARFF/PICS MASTER/Failed Suicide/image002.jpg,/Volumes/AM ARFF/PICS MASTER/Failed Suicide/EXCLUDE-GRAPHIC-road-trauma-012.jpg,PICS MASTER/Failed Suicide,EXCLUDE-GRAPHIC,EXCLUDE,"Road-traffic fatalities, severe injuries and a corpse; not aviation, not usable",640,480,150998,2006:06:24 23:16:36,102.8,
/Volumes/AM ARFF/PICS MASTER/Failed Suicide/image003.jpg,/Volumes/AM ARFF/PICS MASTER/Failed Suicide/EXCLUDE-GRAPHIC-road-trauma-013.jpg,PICS MASTER/Failed Suicide,EXCLUDE-GRAPHIC,EXCLUDE,"Road-traffic fatalities, severe injuries and a corpse; not aviation, not usable",640,480,148749,2006:06:24 23:18:47,110.2,
/Volumes/AM ARFF/PICS MASTER/Failed Suicide/image004.jpg,/Volumes/AM ARFF/PICS MASTER/Failed Suicide/EXCLUDE-GRAPHIC-road-trauma-014.jpg,PICS MASTER/Failed Suicide,EXCLUDE-GRAPHIC,EXCLUDE,"Road-traffic fatalities, severe injuries and a corpse; not aviation, not usable",640,480,140527,2006:06:24 23:18:00,98.0,
/Volumes/AM ARFF/PICS MASTER/Failed Suicide/image005.jpg,/Volumes/AM ARFF/PICS MASTER/Failed Suicide/EXCLUDE-GRAPHIC-road-trauma-015.jpg,PICS MASTER/Failed Suicide,EXCLUDE-GRAPHIC,EXCLUDE,"Road-traffic fatalities, severe injuries and a corpse; not aviation, not usable",640,480,138602,2006:06:24 23:19:22,115.1,
/Volumes/AM ARFF/PICS MASTER/Failed Suicide/image006.jpg,/Volumes/AM ARFF/PICS MASTER/Failed Suicide/EXCLUDE-GRAPHIC-road-trauma-016.jpg,PICS MASTER/Failed Suicide,EXCLUDE-GRAPHIC,EXCLUDE,"Road-traffic fatalities, severe injuries and a corpse; not aviation, not usable",640,480,135664,2006:06:24 23:16:58,94.7,
/Volumes/AM ARFF/PICS MASTER/Failed Suicide/image007.jpg,/Volumes/AM ARFF/PICS MASTER/Failed Suicide/EXCLUDE-GRAPHIC-road-trauma-017.jpg,PICS MASTER/Failed Suicide,EXCLUDE-GRAPHIC,EXCLUDE,"Road-traffic fatalities, severe injuries and a corpse; not aviation, not usable",640,480,150698,2006:06:24 23:19:00,90.9,
/Volumes/AM ARFF/PICS MASTER/Failed Suicide/image008.jpg,/Volumes/AM ARFF/PICS MASTER/Failed Suicide/EXCLUDE-GRAPHIC-road-trauma-018.jpg,PICS MASTER/Failed Suicide,EXCLUDE-GRAPHIC,EXCLUDE,"Road-traffic fatalities, severe injuries and a corpse; not aviation, not usable",640,480,139015,2006:06:24 23:17:34,83.9,
/Volumes/AM ARFF/PICS MASTER/Failed Suicide/image009.jpg,/Volumes/AM ARFF/PICS MASTER/Failed Suicide/EXCLUDE-GRAPHIC-road-trauma-019.jpg,PICS MASTER/Failed Suicide,EXCLUDE-GRAPHIC,EXCLUDE,"Road-traffic fatalities, severe injuries and a corpse; not aviation, not usable",640,480,157866,2006:06:24 23:17:13,106.9,
/Volumes/AM ARFF/PICS MASTER/JAN SMUTS/06f4950b-5ebb-4a2a-8eec-f8c7083ed880.JPG,/Volumes/AM ARFF/PICS MASTER/JAN SMUTS/ART11-HISTORIC-sa-fire-service-001.jpg,PICS MASTER/JAN SMUTS,ART11-HISTORIC,USE,South African fire service history; crews and appliances,1245,1500,167831,,112.2,
/Volumes/AM ARFF/PICS MASTER/JAN SMUTS/17495350-b559-472c-a77c-b7a7814d79f0.JPG,/Volumes/AM ARFF/PICS MASTER/JAN SMUTS/ART11-HISTORIC-sa-fire-service-002.jpg,PICS MASTER/JAN SMUTS,ART11-HISTORIC,USE,South African fire service history; crews and appliances,604,453,33656,,97.0,
/Volumes/AM ARFF/PICS MASTER/JAN SMUTS/197fbe14-8457-4071-ab39-1a5e77fad538.JPG,/Volumes/AM ARFF/PICS MASTER/JAN SMUTS/ART11-HISTORIC-sa-fire-service-003.jpg,PICS MASTER/JAN SMUTS,ART11-HISTORIC,USE,South African fire service history; crews and appliances,1040,780,55323,,119.8,
/Volumes/AM ARFF/PICS MASTER/JAN SMUTS/29679dab-90ef-4e3e-a777-26c41c3f0acc.JPG,/Volumes/AM ARFF/PICS MASTER/JAN SMUTS/ART11-HISTORIC-sa-fire-service-004.jpg,PICS MASTER/JAN SMUTS,ART11-HISTORIC,USE,South African fire service history; crews and appliances,604,453,36687,,93.3,
/Volumes/AM ARFF/PICS MASTER/JAN SMUTS/2a7ba01b-4472-4be6-8dcb-f30e7581e571.JPG,/Volumes/AM ARFF/PICS MASTER/JAN SMUTS/ART11-HISTORIC-sa-fire-service-005.jpg,PICS MASTER/JAN SMUTS,ART11-HISTORIC,USE,South African fire service history; crews and appliances,1600,1200,110233,,103.4,
/Volumes/AM ARFF/PICS MASTER/JAN SMUTS/36c86e5a-71ff-4740-89a7-95df4d6ac6d3.JPG,/Volumes/AM ARFF/PICS MASTER/JAN SMUTS/ART11-HISTORIC-sa-fire-service-006.jpg,PICS MASTER/JAN SMUTS,ART11-HISTORIC,USE,South African fire service history; crews and appliances,1600,1200,159995,,100.4,
/Volumes/AM ARFF/PICS MASTER/JAN SMUTS/3b86e23c-e052-41f4-ba63-f3cec0c2db51.JPG,/Volumes/AM ARFF/PICS MASTER/JAN SMUTS/ART11-HISTORIC-sa-fire-service-007.jpg,PICS MASTER/JAN SMUTS,ART11-HISTORIC,USE,South African fire service history; crews and appliances,814,814,231709,,135.5,
/Volumes/AM ARFF/PICS MASTER/JAN SMUTS/3e1ed2eb-8828-4f33-82ea-9950940a9bb8.JPG,/Volumes/AM ARFF/PICS MASTER/JAN SMUTS/ART11-HISTORIC-sa-fire-service-008.jpg,PICS MASTER/JAN SMUTS,ART11-HISTORIC,USE,South African fire service history; crews and appliances,1600,1200,145953,,105.3,
/Volumes/AM ARFF/PICS MASTER/JAN SMUTS/4259040f-c908-476e-a132-cde6e64167e5.JPG,/Volumes/AM ARFF/PICS MASTER/JAN SMUTS/ART11-HISTORIC-sa-fire-service-009.jpg,PICS MASTER/JAN SMUTS,ART11-HISTORIC,USE,South African fire service history; crews and appliances,1152,864,158415,,103.3,
/Volumes/AM ARFF/PICS MASTER/JAN SMUTS/43762210-9a7f-4d3d-8e20-ad2951ecb075.JPG,/Volumes/AM ARFF/PICS MASTER/JAN SMUTS/ART11-HISTORIC-sa-fire-service-010.jpg,PICS MASTER/JAN SMUTS,ART11-HISTORIC,USE,South African fire service history; crews and appliances,1150,1500,154523,,92.9,
/Volumes/AM ARFF/PICS MASTER/JAN SMUTS/49f67e0f-02a8-4112-8bda-4dda28f94530.JPG,/Volumes/AM ARFF/PICS MASTER/JAN SMUTS/ART11-HISTORIC-sa-fire-service-011.jpg,PICS MASTER/JAN SMUTS,ART11-HISTORIC,USE,South African fire service history; crews and appliances,1280,960,131417,,161.8,
/Volumes/AM ARFF/PICS MASTER/JAN SMUTS/5258e675-08e5-46ed-9d9a-cdbcdf524449.JPG,/Volumes/AM ARFF/PICS MASTER/JAN SMUTS/EXCLUDE-PERSONAL-social-001.jpg,PICS MASTER/JAN SMUTS,EXCLUDE-PERSONAL,EXCLUDE,Two people with beers; personal,1280,960,101976,,159.5,
/Volumes/AM ARFF/PICS MASTER/JAN SMUTS/6a299760-ad5f-472e-801f-b10d3a417681.JPG,/Volumes/AM ARFF/PICS MASTER/JAN SMUTS/ART11-HISTORIC-sa-fire-service-012.jpg,PICS MASTER/JAN SMUTS,ART11-HISTORIC,USE,South African fire service history; crews and appliances,604,465,43191,,130.0,
/Volumes/AM ARFF/PICS MASTER/JAN SMUTS/6b0d7998-9654-42c0-9043-911f7ab231e0.JPG,/Volumes/AM ARFF/PICS MASTER/JAN SMUTS/ART11-HISTORIC-sa-fire-service-013.jpg,PICS MASTER/JAN SMUTS,ART11-HISTORIC,USE,South African fire service history; crews and appliances,1600,1200,164508,,107.8,
/Volumes/AM ARFF/PICS MASTER/JAN SMUTS/6e0fa816-6a92-44b6-af5c-4b2076feeebd.JPG,/Volumes/AM ARFF/PICS MASTER/JAN SMUTS/ART11-HISTORIC-sa-fire-service-014.jpg,PICS MASTER/JAN SMUTS,ART11-HISTORIC,USE,South African fire service history; crews and appliances,1280,853,144619,,124.7,
/Volumes/AM ARFF/PICS MASTER/JAN SMUTS/8700b9a9-3725-44b0-b3e3-d4714499d1c5.JPG,/Volumes/AM ARFF/PICS MASTER/JAN SMUTS/ART11-HISTORIC-sa-fire-service-015.jpg,PICS MASTER/JAN SMUTS,ART11-HISTORIC,USE,South African fire service history; crews and appliances,853,1280,181059,,126.2,
/Volumes/AM ARFF/PICS MASTER/JAN SMUTS/88b080d5-0a91-4bfd-8f90-8f03335fefa6.JPG,/Volumes/AM ARFF/PICS MASTER/JAN SMUTS/ART11-HISTORIC-sa-fire-service-016.jpg,PICS MASTER/JAN SMUTS,ART11-HISTORIC,USE,South African fire service history; crews and appliances,960,720,98638,,131.6,
/Volumes/AM ARFF/PICS MASTER/JAN SMUTS/8cd08f9e-ee9c-4c34-9b54-9b00eaf3fcf1.JPG,/Volumes/AM ARFF/PICS MASTER/JAN SMUTS/EXCLUDE-PERSONAL-wedding-001.jpg,PICS MASTER/JAN SMUTS,EXCLUDE-PERSONAL,EXCLUDE,Wedding group photograph; personal,1600,1200,165280,,142.0,
/Volumes/AM ARFF/PICS MASTER/JAN SMUTS/915f0f5c-3390-4f62-a501-35644b223ec8.JPG,/Volumes/AM ARFF/PICS MASTER/JAN SMUTS/ART11-HISTORIC-sa-fire-service-017.jpg,PICS MASTER/JAN SMUTS,ART11-HISTORIC,USE,South African fire service history; crews and appliances,1600,1246,119659,,107.5,
/Volumes/AM ARFF/PICS MASTER/JAN SMUTS/923ac5f0-3cbb-4b22-8e43-a3f4c9764816.JPG,/Volumes/AM ARFF/PICS MASTER/JAN SMUTS/ART11-HISTORIC-sa-fire-service-018.jpg,PICS MASTER/JAN SMUTS,ART11-HISTORIC,USE,South African fire service history; crews and appliances,604,453,43200,,120.4,
/Volumes/AM ARFF/PICS MASTER/JAN SMUTS/ab572c7a-e499-4cd0-91ae-81f66e18bfe0.JPG,/Volumes/AM ARFF/PICS MASTER/JAN SMUTS/ART11-HISTORIC-sa-fire-service-019.jpg,PICS MASTER/JAN SMUTS,ART11-HISTORIC,USE,South African fire service history; crews and appliances,1600,1200,386007,,113.8,
/Volumes/AM ARFF/PICS MASTER/JAN SMUTS/b88d3575-d44b-40b6-8f75-2fc77cff3bf5.JPG,/Volumes/AM ARFF/PICS MASTER/JAN SMUTS/ART11-HISTORIC-sa-fire-service-020.jpg,PICS MASTER/JAN SMUTS,ART11-HISTORIC,USE,South African fire service history; crews and appliances,1280,960,107672,,187.0,
/Volumes/AM ARFF/PICS MASTER/JAN SMUTS/b9374bbd-1e71-4236-9cbf-31b767d5ac47.JPG,/Volumes/AM ARFF/PICS MASTER/JAN SMUTS/ART11-HISTORIC-sa-fire-service-021.jpg,PICS MASTER/JAN SMUTS,ART11-HISTORIC,USE,South African fire service history; crews and appliances,742,496,41090,,140.8,
/Volumes/AM ARFF/PICS MASTER/JAN SMUTS/be03e20c-e809-4757-b033-fc00a517c83f.JPG,/Volumes/AM ARFF/PICS MASTER/JAN SMUTS/ART11-HISTORIC-sa-fire-service-022.jpg,PICS MASTER/JAN SMUTS,ART11-HISTORIC,USE,South African fire service history; crews and appliances,960,720,104654,,129.8,
/Volumes/AM ARFF/PICS MASTER/JAN SMUTS/be97fbe5-d5f1-43f6-9668-5df5712e4094.JPG,/Volumes/AM ARFF/PICS MASTER/JAN SMUTS/ART11-HISTORIC-sa-fire-service-023.jpg,PICS MASTER/JAN SMUTS,ART11-HISTORIC,USE,South African fire service history; crews and appliances,604,396,50494,,145.3,
/Volumes/AM ARFF/PICS MASTER/JAN SMUTS/d26c401c-59b1-4054-aecd-fbe819829aa4.JPG,/Volumes/AM ARFF/PICS MASTER/JAN SMUTS/ART11-HISTORIC-sa-fire-service-024.jpg,PICS MASTER/JAN SMUTS,ART11-HISTORIC,USE,South African fire service history; crews and appliances,960,720,91083,,136.6,
/Volumes/AM ARFF/PICS MASTER/JAN SMUTS/d2c52e27-78a8-4949-87e5-32f6670d9ac8.JPG,/Volumes/AM ARFF/PICS MASTER/JAN SMUTS/ART11-HISTORIC-sa-fire-service-025.jpg,PICS MASTER/JAN SMUTS,ART11-HISTORIC,USE,South African fire service history; crews and appliances,604,453,49988,,81.8,
/Volumes/AM ARFF/PICS MASTER/JAN SMUTS/e6eea35a-1bdc-4ecc-92cf-d800136d6c45.JPG,/Volumes/AM ARFF/PICS MASTER/JAN SMUTS/ART11-HISTORIC-sa-fire-service-026.jpg,PICS MASTER/JAN SMUTS,ART11-HISTORIC,USE,South African fire service history; crews and appliances,1600,1200,219060,,93.7,
/Volumes/AM ARFF/PICS MASTER/JAN SMUTS/eeb37de2-4ea3-424e-bb35-4a24ba74ef00.JPG,/Volumes/AM ARFF/PICS MASTER/JAN SMUTS/ART11-HISTORIC-sa-fire-service-027.jpg,PICS MASTER/JAN SMUTS,ART11-HISTORIC,USE,South African fire service history; crews and appliances,960,1280,185567,,62.2,
/Volumes/AM ARFF/PICS MASTER/JAN SMUTS/f65505e6-954e-4114-9d3f-52bc88f791d4.JPG,/Volumes/AM ARFF/PICS MASTER/JAN SMUTS/ART11-HISTORIC-sa-fire-service-028.jpg,PICS MASTER/JAN SMUTS,ART11-HISTORIC,USE,South African fire service history; crews and appliances,1600,1026,128906,,121.7,
/Volumes/AM ARFF/PICS MASTER/JAN SMUTS/f9f9650a-937a-47f6-a449-e5c456a70310.JPG,/Volumes/AM ARFF/PICS MASTER/JAN SMUTS/ART11-HISTORIC-sa-fire-service-029.jpg,PICS MASTER/JAN SMUTS,ART11-HISTORIC,USE,South African fire service history; crews and appliances,1024,1472,138688,,118.3,
/Volumes/AM ARFF/PICS MASTER/PPE/Whats-Inside-Your-Turnout-Gear-2.jpg,/Volumes/AM ARFF/PICS MASTER/PPE/ART07-PPE-turnout-layers-001.jpg,PICS MASTER/PPE,ART07-PPE,USE,Turnout gear layer diagram,255,235,23204,2010:02:15 13:37:48,232.3,
/Volumes/AM ARFF/PICS MASTER/RAMP ACCIDENTS/16032008(001).jpg,/Volumes/AM ARFF/PICS MASTER/RAMP ACCIDENTS/ART20-RAMP-ramp-incident-001.jpg,PICS MASTER/RAMP ACCIDENTS,ART20-RAMP,USE,Ramp incidents incl. KLM tug series and SAA engine closeups,1600,1200,385533,,106.0,
/Volumes/AM ARFF/PICS MASTER/RAMP ACCIDENTS/16032008.jpg,/Volumes/AM ARFF/PICS MASTER/RAMP ACCIDENTS/ART20-RAMP-ramp-incident-002.jpg,PICS MASTER/RAMP ACCIDENTS,ART20-RAMP,USE,Ramp incidents incl. KLM tug series and SAA engine closeups,1600,1200,231032,,108.2,
/Volumes/AM ARFF/PICS MASTER/RAMP ACCIDENTS/IMGA0175.JPG,/Volumes/AM ARFF/PICS MASTER/RAMP ACCIDENTS/ART15-ENGINE-saa-engine-001.jpg,PICS MASTER/RAMP ACCIDENTS,ART15-ENGINE,USE,SAA engine closeup on the ramp,640,480,112354,2008:08:31 22:10:18,96.1,
/Volumes/AM ARFF/PICS MASTER/RAMP ACCIDENTS/IMGA0176.JPG,/Volumes/AM ARFF/PICS MASTER/RAMP ACCIDENTS/ART15-ENGINE-saa-engine-002.jpg,PICS MASTER/RAMP ACCIDENTS,ART15-ENGINE,USE,SAA engine closeup on the ramp,640,480,114407,2008:08:31 22:11:01,87.4,
/Volumes/AM ARFF/PICS MASTER/RAMP ACCIDENTS/IMGA0177.JPG,/Volumes/AM ARFF/PICS MASTER/RAMP ACCIDENTS/ART15-ENGINE-saa-engine-003.jpg,PICS MASTER/RAMP ACCIDENTS,ART15-ENGINE,USE,SAA engine closeup on the ramp,640,480,112889,2008:08:31 22:11:28,110.5,
/Volumes/AM ARFF/PICS MASTER/RAMP ACCIDENTS/IMGA0178.JPG,/Volumes/AM ARFF/PICS MASTER/RAMP ACCIDENTS/ART15-ENGINE-saa-engine-004.jpg,PICS MASTER/RAMP ACCIDENTS,ART15-ENGINE,USE,SAA engine closeup on the ramp,640,480,114961,2008:08:31 22:11:50,104.0,
/Volumes/AM ARFF/PICS MASTER/RAMP ACCIDENTS/IMGA0179.JPG,/Volumes/AM ARFF/PICS MASTER/RAMP ACCIDENTS/ART15-ENGINE-saa-engine-005.jpg,PICS MASTER/RAMP ACCIDENTS,ART15-ENGINE,USE,SAA engine closeup on the ramp,640,480,113154,2008:08:31 22:13:20,79.3,
/Volumes/AM ARFF/PICS MASTER/RAMP ACCIDENTS/IMGA0180.JPG,/Volumes/AM ARFF/PICS MASTER/RAMP ACCIDENTS/ART15-ENGINE-saa-engine-006.jpg,PICS MASTER/RAMP ACCIDENTS,ART15-ENGINE,USE,SAA engine closeup on the ramp,640,480,111913,2008:08:31 22:13:23,72.4,
/Volumes/AM ARFF/PICS MASTER/RAMP ACCIDENTS/IMGA0181.JPG,/Volumes/AM ARFF/PICS MASTER/RAMP ACCIDENTS/ART15-ENGINE-saa-engine-007.jpg,PICS MASTER/RAMP ACCIDENTS,ART15-ENGINE,USE,SAA engine closeup on the ramp,640,480,113205,2008:08:31 22:13:34,82.4,
/Volumes/AM ARFF/PICS MASTER/RAMP ACCIDENTS/IMGA0182.JPG,/Volumes/AM ARFF/PICS MASTER/RAMP ACCIDENTS/ART15-ENGINE-saa-engine-008.jpg,PICS MASTER/RAMP ACCIDENTS,ART15-ENGINE,USE,SAA engine closeup on the ramp,640,480,113535,2008:08:31 22:13:40,82.2,
/Volumes/AM ARFF/PICS MASTER/RAMP ACCIDENTS/IMGA0183.JPG,/Volumes/AM ARFF/PICS MASTER/RAMP ACCIDENTS/ART15-ENGINE-saa-engine-009.jpg,PICS MASTER/RAMP ACCIDENTS,ART15-ENGINE,USE,SAA engine closeup on the ramp,640,480,113127,2008:08:31 22:14:07,91.5,
/Volumes/AM ARFF/PICS MASTER/RAMP ACCIDENTS/IMGA0184.JPG,/Volumes/AM ARFF/PICS MASTER/RAMP ACCIDENTS/ART15-ENGINE-saa-engine-010.jpg,PICS MASTER/RAMP ACCIDENTS,ART15-ENGINE,USE,SAA engine closeup on the ramp,640,480,112343,2008:08:31 22:44:54,51.6,
/Volumes/AM ARFF/PICS MASTER/RAMP ACCIDENTS/IMGA0185.JPG,/Volumes/AM ARFF/PICS MASTER/RAMP ACCIDENTS/ART15-ENGINE-saa-engine-011.jpg,PICS MASTER/RAMP ACCIDENTS,ART15-ENGINE,USE,SAA engine closeup on the ramp,640,480,114969,2008:08:31 22:45:00,78.6,
/Volumes/AM ARFF/PICS MASTER/RAMP ACCIDENTS/IMGA0186.JPG,/Volumes/AM ARFF/PICS MASTER/RAMP ACCIDENTS/ART15-ENGINE-saa-engine-012.jpg,PICS MASTER/RAMP ACCIDENTS,ART15-ENGINE,USE,SAA engine closeup on the ramp,640,480,116441,2008:08:31 22:45:04,62.3,
/Volumes/AM ARFF/PICS MASTER/RAMP ACCIDENTS/P1010032-1.JPG,/Volumes/AM ARFF/PICS MASTER/RAMP ACCIDENTS/ART20-RAMP-ramp-incident-003.jpg,PICS MASTER/RAMP ACCIDENTS,ART20-RAMP,USE,Ramp incidents incl. KLM tug series and SAA engine closeups,800,600,88176,2003:01:01 00:07:37,74.6,
/Volumes/AM ARFF/PICS MASTER/RAMP ACCIDENTS/P1010032.JPG,/Volumes/AM ARFF/PICS MASTER/RAMP ACCIDENTS/ART20-RAMP-ramp-incident-004-dup2.jpg,PICS MASTER/RAMP ACCIDENTS,ART20-RAMP,USE,Ramp incidents incl. KLM tug series and SAA engine closeups,800,600,88176,2003:01:01 00:07:37,74.6,yes
/Volumes/AM ARFF/PICS MASTER/RAMP ACCIDENTS/P1010033-1.JPG,/Volumes/AM ARFF/PICS MASTER/RAMP ACCIDENTS/ART20-RAMP-ramp-incident-005.jpg,PICS MASTER/RAMP ACCIDENTS,ART20-RAMP,USE,Ramp incidents incl. KLM tug series and SAA engine closeups,800,600,74343,2003:01:01 00:07:50,97.7,
/Volumes/AM ARFF/PICS MASTER/RAMP ACCIDENTS/P1010033.JPG,/Volumes/AM ARFF/PICS MASTER/RAMP ACCIDENTS/ART20-RAMP-ramp-incident-006-dup2.jpg,PICS MASTER/RAMP ACCIDENTS,ART20-RAMP,USE,Ramp incidents incl. KLM tug series and SAA engine closeups,800,600,74343,2003:01:01 00:07:50,97.7,yes
/Volumes/AM ARFF/PICS MASTER/RAMP ACCIDENTS/P1010034-1.JPG,/Volumes/AM ARFF/PICS MASTER/RAMP ACCIDENTS/ART20-RAMP-ramp-incident-007.jpg,PICS MASTER/RAMP ACCIDENTS,ART20-RAMP,USE,Ramp incidents incl. KLM tug series and SAA engine closeups,800,600,81532,2003:01:01 00:08:11,88.9,
/Volumes/AM ARFF/PICS MASTER/RAMP ACCIDENTS/P1010034.JPG,/Volumes/AM ARFF/PICS MASTER/RAMP ACCIDENTS/ART20-RAMP-ramp-incident-008-dup2.jpg,PICS MASTER/RAMP ACCIDENTS,ART20-RAMP,USE,Ramp incidents incl. KLM tug series and SAA engine closeups,800,600,81532,2003:01:01 00:08:11,88.9,yes
/Volumes/AM ARFF/PICS MASTER/RAMP ACCIDENTS/P1010035-1.JPG,/Volumes/AM ARFF/PICS MASTER/RAMP ACCIDENTS/ART20-RAMP-ramp-incident-009.jpg,PICS MASTER/RAMP ACCIDENTS,ART20-RAMP,USE,Ramp incidents incl. KLM tug series and SAA engine closeups,800,600,72001,2003:01:01 00:08:47,108.1,
/Volumes/AM ARFF/PICS MASTER/RAMP ACCIDENTS/P1010035.JPG,/Volumes/AM ARFF/PICS MASTER/RAMP ACCIDENTS/ART20-RAMP-ramp-incident-010-dup2.jpg,PICS MASTER/RAMP ACCIDENTS,ART20-RAMP,USE,Ramp incidents incl. KLM tug series and SAA engine closeups,800,600,72001,2003:01:01 00:08:47,108.1,yes
/Volumes/AM ARFF/PICS MASTER/RAMP ACCIDENTS/P1010036-1.JPG,/Volumes/AM ARFF/PICS MASTER/RAMP ACCIDENTS/ART20-RAMP-ramp-incident-011.jpg,PICS MASTER/RAMP ACCIDENTS,ART20-RAMP,USE,Ramp incidents incl. KLM tug series and SAA engine closeups,800,600,81775,2003:01:01 00:15:29,110.0,
/Volumes/AM ARFF/PICS MASTER/RAMP ACCIDENTS/P1010036.JPG,/Volumes/AM ARFF/PICS MASTER/RAMP ACCIDENTS/ART20-RAMP-ramp-incident-012-dup2.jpg,PICS MASTER/RAMP ACCIDENTS,ART20-RAMP,USE,Ramp incidents incl. KLM tug series and SAA engine closeups,800,600,81775,2003:01:01 00:15:29,110.0,yes
/Volumes/AM ARFF/PICS MASTER/RAMP ACCIDENTS/P1010037-1.JPG,/Volumes/AM ARFF/PICS MASTER/RAMP ACCIDENTS/ART20-RAMP-ramp-incident-013.jpg,PICS MASTER/RAMP ACCIDENTS,ART20-RAMP,USE,Ramp incidents incl. KLM tug series and SAA engine closeups,800,600,81333,2003:01:01 00:17:47,106.9,
/Volumes/AM ARFF/PICS MASTER/RAMP ACCIDENTS/P1010037.JPG,/Volumes/AM ARFF/PICS MASTER/RAMP ACCIDENTS/ART20-RAMP-ramp-incident-014-dup2.jpg,PICS MASTER/RAMP ACCIDENTS,ART20-RAMP,USE,Ramp incidents incl. KLM tug series and SAA engine closeups,800,600,81333,2003:01:01 00:17:47,106.9,yes
/Volumes/AM ARFF/PICS MASTER/RAMP ACCIDENTS/P1010043-1.JPG,/Volumes/AM ARFF/PICS MASTER/RAMP ACCIDENTS/ART20-RAMP-ramp-incident-015.jpg,PICS MASTER/RAMP ACCIDENTS,ART20-RAMP,USE,Ramp incidents incl. KLM tug series and SAA engine closeups,800,600,116873,2003:01:01 04:41:50,64.6,
/Volumes/AM ARFF/PICS MASTER/RAMP ACCIDENTS/P1010043.JPG,/Volumes/AM ARFF/PICS MASTER/RAMP ACCIDENTS/ART20-RAMP-ramp-incident-016-dup2.jpg,PICS MASTER/RAMP ACCIDENTS,ART20-RAMP,USE,Ramp incidents incl. KLM tug series and SAA engine closeups,800,600,116873,2003:01:01 04:41:50,64.6,yes
/Volumes/AM ARFF/PICS MASTER/RAMP ACCIDENTS/P1010044-1.JPG,/Volumes/AM ARFF/PICS MASTER/RAMP ACCIDENTS/ART20-RAMP-ramp-incident-017.jpg,PICS MASTER/RAMP ACCIDENTS,ART20-RAMP,USE,Ramp incidents incl. KLM tug series and SAA engine closeups,800,600,110724,2003:01:01 04:42:07,93.8,
/Volumes/AM ARFF/PICS MASTER/RAMP ACCIDENTS/P1010044.JPG,/Volumes/AM ARFF/PICS MASTER/RAMP ACCIDENTS/ART20-RAMP-ramp-incident-018-dup2.jpg,PICS MASTER/RAMP ACCIDENTS,ART20-RAMP,USE,Ramp incidents incl. KLM tug series and SAA engine closeups,800,600,110724,2003:01:01 04:42:07,93.8,yes
/Volumes/AM ARFF/PICS MASTER/RAMP ACCIDENTS/P1010045-1.JPG,/Volumes/AM ARFF/PICS MASTER/RAMP ACCIDENTS/ART20-RAMP-ramp-incident-019.jpg,PICS MASTER/RAMP ACCIDENTS,ART20-RAMP,USE,Ramp incidents incl. KLM tug series and SAA engine closeups,800,600,91175,2003:01:01 04:42:28,60.7,
/Volumes/AM ARFF/PICS MASTER/RAMP ACCIDENTS/P1010045.JPG,/Volumes/AM ARFF/PICS MASTER/RAMP ACCIDENTS/ART20-RAMP-ramp-incident-020-dup2.jpg,PICS MASTER/RAMP ACCIDENTS,ART20-RAMP,USE,Ramp incidents incl. KLM tug series and SAA engine closeups,800,600,91175,2003:01:01 04:42:28,60.7,yes
/Volumes/AM ARFF/PICS MASTER/SAA - Cape Town/IMGA6069.JPG,/Volumes/AM ARFF/PICS MASTER/SAA - Cape Town/ART10-RECOVERY-saa-bogged-001.jpg,PICS MASTER/SAA - Cape Town,ART10-RECOVERY,USE,SAA airliner bogged off-pavement; recovery and stabilisation series,640,480,43013,2007:11:02 14:59:00,120.0,
/Volumes/AM ARFF/PICS MASTER/SAA - Cape Town/IMGA6070.JPG,/Volumes/AM ARFF/PICS MASTER/SAA - Cape Town/ART10-RECOVERY-saa-bogged-002.jpg,PICS MASTER/SAA - Cape Town,ART10-RECOVERY,USE,SAA airliner bogged off-pavement; recovery and stabilisation series,640,480,68581,2007:11:02 15:00:00,144.7,
/Volumes/AM ARFF/PICS MASTER/SAA - Cape Town/IMGA6071.JPG,/Volumes/AM ARFF/PICS MASTER/SAA - Cape Town/ART10-RECOVERY-saa-bogged-003.jpg,PICS MASTER/SAA - Cape Town,ART10-RECOVERY,USE,SAA airliner bogged off-pavement; recovery and stabilisation series,640,480,50710,2007:11:02 15:00:00,100.0,
/Volumes/AM ARFF/PICS MASTER/SAA - Cape Town/IMGA6072.JPG,/Volumes/AM ARFF/PICS MASTER/SAA - Cape Town/ART10-RECOVERY-saa-bogged-004.jpg,PICS MASTER/SAA - Cape Town,ART10-RECOVERY,USE,SAA airliner bogged off-pavement; recovery and stabilisation series,640,480,61133,2007:11:02 15:01:00,123.8,
/Volumes/AM ARFF/PICS MASTER/SAA - Cape Town/IMGA6073.JPG,/Volumes/AM ARFF/PICS MASTER/SAA - Cape Town/ART10-RECOVERY-saa-bogged-005.jpg,PICS MASTER/SAA - Cape Town,ART10-RECOVERY,USE,SAA airliner bogged off-pavement; recovery and stabilisation series,640,480,60375,2007:11:02 15:01:00,121.0,
/Volumes/AM ARFF/PICS MASTER/SAA - Cape Town/IMGA6074.JPG,/Volumes/AM ARFF/PICS MASTER/SAA - Cape Town/ART10-RECOVERY-saa-bogged-006.jpg,PICS MASTER/SAA - Cape Town,ART10-RECOVERY,USE,SAA airliner bogged off-pavement; recovery and stabilisation series,640,480,60854,2007:11:02 15:02:00,116.5,
/Volumes/AM ARFF/PICS MASTER/SAA - Cape Town/IMGA6076.JPG,/Volumes/AM ARFF/PICS MASTER/SAA - Cape Town/ART10-RECOVERY-saa-bogged-007.jpg,PICS MASTER/SAA - Cape Town,ART10-RECOVERY,USE,SAA airliner bogged off-pavement; recovery and stabilisation series,640,480,43045,2007:11:02 15:04:00,109.9,
/Volumes/AM ARFF/PICS MASTER/SAA - Cape Town/IMGA6077.JPG,/Volumes/AM ARFF/PICS MASTER/SAA - Cape Town/ART10-RECOVERY-saa-bogged-008.jpg,PICS MASTER/SAA - Cape Town,ART10-RECOVERY,USE,SAA airliner bogged off-pavement; recovery and stabilisation series,640,480,83072,2007:11:02 15:06:00,129.1,
/Volumes/AM ARFF/PICS MASTER/SAA - Cape Town/IMGA6078.JPG,/Volumes/AM ARFF/PICS MASTER/SAA - Cape Town/ART10-RECOVERY-saa-bogged-009.jpg,PICS MASTER/SAA - Cape Town,ART10-RECOVERY,USE,SAA airliner bogged off-pavement; recovery and stabilisation series,640,480,63870,2007:11:02 15:07:00,141.2,
/Volumes/AM ARFF/PICS MASTER/SAA - Cape Town/IMGA6079.JPG,/Volumes/AM ARFF/PICS MASTER/SAA - Cape Town/ART10-RECOVERY-saa-bogged-010.jpg,PICS MASTER/SAA - Cape Town,ART10-RECOVERY,USE,SAA airliner bogged off-pavement; recovery and stabilisation series,640,480,59136,2007:11:02 15:07:00,123.6,
/Volumes/AM ARFF/PICS MASTER/SAA - Cape Town/IMGA6080.JPG,/Volumes/AM ARFF/PICS MASTER/SAA - Cape Town/ART10-RECOVERY-saa-bogged-011.jpg,PICS MASTER/SAA - Cape Town,ART10-RECOVERY,USE,SAA airliner bogged off-pavement; recovery and stabilisation series,640,480,53923,2007:11:02 15:08:00,140.9,
/Volumes/AM ARFF/PICS MASTER/SAA - Cape Town/IMGA6081.JPG,/Volumes/AM ARFF/PICS MASTER/SAA - Cape Town/ART10-RECOVERY-saa-bogged-012.jpg,PICS MASTER/SAA - Cape Town,ART10-RECOVERY,USE,SAA airliner bogged off-pavement; recovery and stabilisation series,640,480,60709,2007:11:02 15:09:00,105.3,
/Volumes/AM ARFF/PICS MASTER/SAA - Cape Town/IMGA6082.JPG,/Volumes/AM ARFF/PICS MASTER/SAA - Cape Town/ART10-RECOVERY-saa-bogged-013.jpg,PICS MASTER/SAA - Cape Town,ART10-RECOVERY,USE,SAA airliner bogged off-pavement; recovery and stabilisation series,640,480,71727,2007:11:02 15:10:00,119.8,
/Volumes/AM ARFF/PICS MASTER/SAA - Cape Town/IMGA6083.JPG,/Volumes/AM ARFF/PICS MASTER/SAA - Cape Town/ART10-RECOVERY-saa-bogged-014.jpg,PICS MASTER/SAA - Cape Town,ART10-RECOVERY,USE,SAA airliner bogged off-pavement; recovery and stabilisation series,640,480,63987,2007:11:02 15:11:00,95.6,
/Volumes/AM ARFF/PICS MASTER/SAA - Cape Town/IMGA6084.JPG,/Volumes/AM ARFF/PICS MASTER/SAA - Cape Town/ART10-RECOVERY-saa-bogged-015.jpg,PICS MASTER/SAA - Cape Town,ART10-RECOVERY,USE,SAA airliner bogged off-pavement; recovery and stabilisation series,640,480,46784,2007:11:02 15:12:00,128.0,
/Volumes/AM ARFF/PICS MASTER/SAA - Cape Town/IMGA6085.JPG,/Volumes/AM ARFF/PICS MASTER/SAA - Cape Town/ART10-RECOVERY-saa-bogged-016.jpg,PICS MASTER/SAA - Cape Town,ART10-RECOVERY,USE,SAA airliner bogged off-pavement; recovery and stabilisation series,640,480,47007,2007:11:02 15:12:00,105.8,
/Volumes/AM ARFF/PICS MASTER/SAA - Cape Town/IMGA6086.JPG,/Volumes/AM ARFF/PICS MASTER/SAA - Cape Town/ART10-RECOVERY-saa-bogged-017.jpg,PICS MASTER/SAA - Cape Town,ART10-RECOVERY,USE,SAA airliner bogged off-pavement; recovery and stabilisation series,640,480,51327,2007:11:02 15:17:00,131.1,
/Volumes/AM ARFF/PICS MASTER/SAA - Cape Town/IMGA6087.JPG,/Volumes/AM ARFF/PICS MASTER/SAA - Cape Town/ART10-RECOVERY-saa-bogged-018.jpg,PICS MASTER/SAA - Cape Town,ART10-RECOVERY,USE,SAA airliner bogged off-pavement; recovery and stabilisation series,640,480,59940,2007:11:02 15:45:00,72.6,
/Volumes/AM ARFF/PICS MASTER/SAA - Cape Town/IMGA6088.JPG,/Volumes/AM ARFF/PICS MASTER/SAA - Cape Town/ART10-RECOVERY-saa-bogged-019.jpg,PICS MASTER/SAA - Cape Town,ART10-RECOVERY,USE,SAA airliner bogged off-pavement; recovery and stabilisation series,640,480,61547,2007:11:02 15:45:00,118.3,
/Volumes/AM ARFF/PICS MASTER/WASH BAY/IMG_1177 2.JPG,/Volumes/AM ARFF/PICS MASTER/WASH BAY/ART25-WATER-shelter-apron-001.jpg,PICS MASTER/WASH BAY,ART25-WATER,USE,Aircraft shelter and apron drainage,2364,1331,780292,,120.0,
/Volumes/AM ARFF/PICS MASTER/WASH BAY/IMG_1177.JPG,/Volumes/AM ARFF/PICS MASTER/WASH BAY/ART25-WATER-shelter-apron-002-dup2.jpg,PICS MASTER/WASH BAY,ART25-WATER,USE,Aircraft shelter and apron drainage,2364,1331,780292,,120.0,yes
/Volumes/AM ARFF/PICS MASTER/aircraft accidents/0220882.jpg,/Volumes/AM ARFF/PICS MASTER/aircraft accidents/ART20-CONTINGENCY-accident-001.jpg,PICS MASTER/aircraft accidents,ART20-CONTINGENCY,USE,Bulk press photographs; verify content and rights before wiring any single one,962,780,190931,,117.1,
/Volumes/AM ARFF/PICS MASTER/aircraft accidents/070717tam_f_008.jpg,/Volumes/AM ARFF/PICS MASTER/aircraft accidents/ART20-CONTINGENCY-accident-002.jpg,PICS MASTER/aircraft accidents,ART20-CONTINGENCY,USE,Bulk press photographs; verify content and rights before wiring any single one,590,320,35659,,34.2,
/Volumes/AM ARFF/PICS MASTER/aircraft accidents/070717tam_f_009.jpg,/Volumes/AM ARFF/PICS MASTER/aircraft accidents/ART20-CONTINGENCY-accident-003.jpg,PICS MASTER/aircraft accidents,ART20-CONTINGENCY,USE,Bulk press photographs; verify content and rights before wiring any single one,300,390,19268,,44.6,
/Volumes/AM ARFF/PICS MASTER/aircraft accidents/070717tam_f_012.jpg,/Volumes/AM ARFF/PICS MASTER/aircraft accidents/ART20-CONTINGENCY-accident-004.jpg,PICS MASTER/aircraft accidents,ART20-CONTINGENCY,USE,Bulk press photographs; verify content and rights before wiring any single one,300,390,14060,,38.2,
/Volumes/AM ARFF/PICS MASTER/aircraft accidents/070717tam_f_013.jpg,/Volumes/AM ARFF/PICS MASTER/aircraft accidents/ART20-CONTINGENCY-accident-005.jpg,PICS MASTER/aircraft accidents,ART20-CONTINGENCY,USE,Bulk press photographs; verify content and rights before wiring any single one,300,390,12360,,71.7,
/Volumes/AM ARFF/PICS MASTER/aircraft accidents/070717tam_f_014.jpg,/Volumes/AM ARFF/PICS MASTER/aircraft accidents/ART20-CONTINGENCY-accident-006.jpg,PICS MASTER/aircraft accidents,ART20-CONTINGENCY,USE,Bulk press photographs; verify content and rights before wiring any single one,300,390,13807,,123.5,
/Volumes/AM ARFF/PICS MASTER/aircraft accidents/070717tam_f_027.jpg,/Volumes/AM ARFF/PICS MASTER/aircraft accidents/ART20-CONTINGENCY-accident-007.jpg,PICS MASTER/aircraft accidents,ART20-CONTINGENCY,USE,Bulk press photographs; verify content and rights before wiring any single one,590,320,30206,,36.6,
/Volumes/AM ARFF/PICS MASTER/aircraft accidents/070717tam_f_029.jpg,/Volumes/AM ARFF/PICS MASTER/aircraft accidents/ART20-CONTINGENCY-accident-008.jpg,PICS MASTER/aircraft accidents,ART20-CONTINGENCY,USE,Bulk press photographs; verify content and rights before wiring any single one,590,320,26479,,57.5,
/Volumes/AM ARFF/PICS MASTER/aircraft accidents/070717tam_f_030.jpg,/Volumes/AM ARFF/PICS MASTER/aircraft accidents/ART20-CONTINGENCY-accident-009.jpg,PICS MASTER/aircraft accidents,ART20-CONTINGENCY,USE,Bulk press photographs; verify content and rights before wiring any single one,590,320,35171,,111.2,
/Volumes/AM ARFF/PICS MASTER/aircraft accidents/1.jpg,/Volumes/AM ARFF/PICS MASTER/aircraft accidents/ART20-CONTINGENCY-accident-010.jpg,PICS MASTER/aircraft accidents,ART20-CONTINGENCY,USE,Bulk press photographs; verify content and rights before wiring any single one,800,408,64146,,137.0,
/Volumes/AM ARFF/PICS MASTER/aircraft accidents/1059746.jpg,/Volumes/AM ARFF/PICS MASTER/aircraft accidents/ART20-CONTINGENCY-accident-011.jpg,PICS MASTER/aircraft accidents,ART20-CONTINGENCY,USE,Bulk press photographs; verify content and rights before wiring any single one,1080,769,244112,,146.7,
/Volumes/AM ARFF/PICS MASTER/aircraft accidents/1068806.jpg,/Volumes/AM ARFF/PICS MASTER/aircraft accidents/ART20-CONTINGENCY-accident-012.jpg,PICS MASTER/aircraft accidents,ART20-CONTINGENCY,USE,Bulk press photographs; verify content and rights before wiring any single one,1024,679,441251,,94.4,
/Volumes/AM ARFF/PICS MASTER/aircraft accidents/1135363.jpg,/Volumes/AM ARFF/PICS MASTER/aircraft accidents/ART20-CONTINGENCY-accident-013.jpg,PICS MASTER/aircraft accidents,ART20-CONTINGENCY,USE,Bulk press photographs; verify content and rights before wiring any single one,1200,801,339794,,133.5,
/Volumes/AM ARFF/PICS MASTER/aircraft accidents/19910421-I-0-I-d-1-500.jpg,/Volumes/AM ARFF/PICS MASTER/aircraft accidents/ART20-CONTINGENCY-accident-014.jpg,PICS MASTER/aircraft accidents,ART20-CONTINGENCY,USE,Bulk press photographs; verify content and rights before wiring any single one,550,356,70516,,87.8,
/Volumes/AM ARFF/PICS MASTER/aircraft accidents/2.jpg,/Volumes/AM ARFF/PICS MASTER/aircraft accidents/ART20-CONTINGENCY-accident-015.jpg,PICS MASTER/aircraft accidents,ART20-CONTINGENCY,USE,Bulk press photographs; verify content and rights before wiring any single one,480,240,27308,,133.2,
/Volumes/AM ARFF/PICS MASTER/aircraft accidents/20020106-I-0-I-d-2-500.jpg,/Volumes/AM ARFF/PICS MASTER/aircraft accidents/ART20-CONTINGENCY-accident-016.jpg,PICS MASTER/aircraft accidents,ART20-CONTINGENCY,USE,Bulk press photographs; verify content and rights before wiring any single one,500,396,47655,,79.1,
/Volumes/AM ARFF/PICS MASTER/aircraft accidents/20020106-I-0-I-d-4-500.jpg,/Volumes/AM ARFF/PICS MASTER/aircraft accidents/ART20-CONTINGENCY-accident-017.jpg,PICS MASTER/aircraft accidents,ART20-CONTINGENCY,USE,Bulk press photographs; verify content and rights before wiring any single one,500,375,52432,,97.4,
/Volumes/AM ARFF/PICS MASTER/aircraft accidents/20040427-I-0-I-d-3-500.jpg,/Volumes/AM ARFF/PICS MASTER/aircraft accidents/ART20-CONTINGENCY-accident-018.jpg,PICS MASTER/aircraft accidents,ART20-CONTINGENCY,USE,Bulk press photographs; verify content and rights before wiring any single one,550,371,33602,,161.8,
/Volumes/AM ARFF/PICS MASTER/aircraft accidents/20040723-I-0-I-d-1-500.jpg,/Volumes/AM ARFF/PICS MASTER/aircraft accidents/ART20-CONTINGENCY-accident-019.jpg,PICS MASTER/aircraft accidents,ART20-CONTINGENCY,USE,Bulk press photographs; verify content and rights before wiring any single one,550,413,46920,,115.9,
/Volumes/AM ARFF/PICS MASTER/aircraft accidents/20050522-I-0-I-d-1-500.jpg,/Volumes/AM ARFF/PICS MASTER/aircraft accidents/ART20-CONTINGENCY-accident-020.jpg,PICS MASTER/aircraft accidents,ART20-CONTINGENCY,USE,Bulk press photographs; verify content and rights before wiring any single one,550,413,64315,2005:06:26 15:18:59,95.7,
/Volumes/AM ARFF/PICS MASTER/aircraft accidents/2023/ACSA /1e65eb95-bd97-49dc-ae9e-6a9738fdab1e.JPG,/Volumes/AM ARFF/PICS MASTER/aircraft accidents/2023/ACSA /ART20-CONTINGENCY-accident-021.jpg,PICS MASTER/aircraft accidents,ART20-CONTINGENCY,USE,Bulk press photographs; verify content and rights before wiring any single one,960,1280,106072,,135.9,
/Volumes/AM ARFF/PICS MASTER/aircraft accidents/2023/ACSA /20b7d3ef-92d4-4f70-a66f-6f1b092d4580.JPG,/Volumes/AM ARFF/PICS MASTER/aircraft accidents/2023/ACSA /ART20-CONTINGENCY-accident-022.jpg,PICS MASTER/aircraft accidents,ART20-CONTINGENCY,USE,Bulk press photographs; verify content and rights before wiring any single one,937,1024,53110,,198.8,
/Volumes/AM ARFF/PICS MASTER/aircraft accidents/2023/ACSA /be09e235-ea9b-4450-a1d4-ab298987e9fd.JPG,/Volumes/AM ARFF/PICS MASTER/aircraft accidents/2023/ACSA /ART20-CONTINGENCY-accident-023.jpg,PICS MASTER/aircraft accidents,ART20-CONTINGENCY,USE,Bulk press photographs; verify content and rights before wiring any single one,960,1280,105808,,146.6,
/Volumes/AM ARFF/PICS MASTER/aircraft accidents/2023/ACSA /c034f3fe-9877-461b-bdf9-597122c8e3de.JPG,/Volumes/AM ARFF/PICS MASTER/aircraft accidents/2023/ACSA /ART20-CONTINGENCY-accident-024.jpg,PICS MASTER/aircraft accidents,ART20-CONTINGENCY,USE,Bulk press photographs; verify content and rights before wiring any single one,720,960,53276,,135.7,
/Volumes/AM ARFF/PICS MASTER/aircraft accidents/2023/ACSA /c1c484b6-79e0-4386-94ea-360f2d2e3692.JPG,/Volumes/AM ARFF/PICS MASTER/aircraft accidents/2023/ACSA /ART20-CONTINGENCY-accident-025.jpg,PICS MASTER/aircraft accidents,ART20-CONTINGENCY,USE,Bulk press photographs; verify content and rights before wiring any single one,720,960,53959,,146.4,
/Volumes/AM ARFF/PICS MASTER/aircraft accidents/2023/AVIANCA BALOON/60cc6dd2-ce1c-41f0-9a07-a7b3d924b36e 2.JPG,/Volumes/AM ARFF/PICS MASTER/aircraft accidents/2023/AVIANCA BALOON/ART20-CONTINGENCY-accident-026.jpg,PICS MASTER/aircraft accidents,ART20-CONTINGENCY,USE,Bulk press photographs; verify content and rights before wiring any single one,720,554,54620,,69.3,
/Volumes/AM ARFF/PICS MASTER/aircraft accidents/2023/AVIANCA BALOON/6592dc3f-bb47-447d-bee1-6960d9aa49e8 2.JPG,/Volumes/AM ARFF/PICS MASTER/aircraft accidents/2023/AVIANCA BALOON/ART20-CONTINGENCY-accident-027.jpg,PICS MASTER/aircraft accidents,ART20-CONTINGENCY,USE,Bulk press photographs; verify content and rights before wiring any single one,720,405,45114,,76.9,
/Volumes/AM ARFF/PICS MASTER/aircraft accidents/2023/AVIANCA BALOON/76a5f2e8-af19-4be2-8697-683f4f81b69c 2.JPG,/Volumes/AM ARFF/PICS MASTER/aircraft accidents/2023/AVIANCA BALOON/ART20-CONTINGENCY-accident-028.jpg,PICS MASTER/aircraft accidents,ART20-CONTINGENCY,USE,Bulk press photographs; verify content and rights before wiring any single one,720,405,38962,,70.4,
/Volumes/AM ARFF/PICS MASTER/aircraft accidents/2023/AVIANCA BALOON/eea61ad0-e652-42e5-b33a-651fc2b3e126 2.JPG,/Volumes/AM ARFF/PICS MASTER/aircraft accidents/2023/AVIANCA BALOON/ART20-CONTINGENCY-accident-029.jpg,PICS MASTER/aircraft accidents,ART20-CONTINGENCY,USE,Bulk press photographs; verify content and rights before wiring any single one,720,405,31955,,59.1,
/Volumes/AM ARFF/PICS MASTER/aircraft accidents/2023/CROP SPRAYERS/11164d14-3ac2-4734-8cfb-ff4457a73b24 2.JPG,/Volumes/AM ARFF/PICS MASTER/aircraft accidents/2023/CROP SPRAYERS/ART20-CONTINGENCY-accident-030.jpg,PICS MASTER/aircraft accidents,ART20-CONTINGENCY,USE,Bulk press photographs; verify content and rights before wiring any single one,1600,1200,428667,,99.4,
/Volumes/AM ARFF/PICS MASTER/aircraft accidents/2023/CROP SPRAYERS/827237fd-47f5-4cce-b485-c9314c0935c5.JPG,/Volumes/AM ARFF/PICS MASTER/aircraft accidents/2023/CROP SPRAYERS/ART20-CONTINGENCY-accident-031.jpg,PICS MASTER/aircraft accidents,ART20-CONTINGENCY,USE,Bulk press photographs; verify content and rights before wiring any single one,1067,863,107727,,135.3,
/Volumes/AM ARFF/PICS MASTER/aircraft accidents/2023/CROP SPRAYERS/a9e187a5-5b45-44ac-a802-496dab9cdd85.JPG,/Volumes/AM ARFF/PICS MASTER/aircraft accidents/2023/CROP SPRAYERS/ART20-CONTINGENCY-accident-032.jpg,PICS MASTER/aircraft accidents,ART20-CONTINGENCY,USE,Bulk press photographs; verify content and rights before wiring any single one,1600,1200,654296,,90.7,
/Volumes/AM ARFF/PICS MASTER/aircraft accidents/2023/CROP SPRAYERS/cd23e2b9-7462-4e00-87de-c70cf830355b.JPG,/Volumes/AM ARFF/PICS MASTER/aircraft accidents/2023/CROP SPRAYERS/ART20-CONTINGENCY-accident-033.jpg,PICS MASTER/aircraft accidents,ART20-CONTINGENCY,USE,Bulk press photographs; verify content and rights before wiring any single one,1600,1200,421186,,90.7,
/Volumes/AM ARFF/PICS MASTER/aircraft accidents/2023/CROP SPRAYERS/e616a39d-47f5-44ca-9101-e9fd98f669cd.JPG,/Volumes/AM ARFF/PICS MASTER/aircraft accidents/2023/CROP SPRAYERS/ART20-CONTINGENCY-accident-034.jpg,PICS MASTER/aircraft accidents,ART20-CONTINGENCY,USE,Bulk press photographs; verify content and rights before wiring any single one,1080,608,106672,,129.7,
/Volumes/AM ARFF/PICS MASTER/aircraft accidents/2023/PROPS /097054c6-16f7-4479-8e77-070466c68d38 2.JPG,/Volumes/AM ARFF/PICS MASTER/aircraft accidents/2023/PROPS /ART20-CONTINGENCY-accident-035.jpg,PICS MASTER/aircraft accidents,ART20-CONTINGENCY,USE,Bulk press photographs; verify content and rights before wiring any single one,720,394,34472,,149.8,
/Volumes/AM ARFF/PICS MASTER/aircraft accidents/2023/PROPS /412885f1-d156-4410-ab19-634d1fc84de4.JPG,/Volumes/AM ARFF/PICS MASTER/aircraft accidents/2023/PROPS /ART20-CONTINGENCY-accident-036.jpg,PICS MASTER/aircraft accidents,ART20-CONTINGENCY,USE,Bulk press photographs; verify content and rights before wiring any single one,720,960,134012,,126.7,
/Volumes/AM ARFF/PICS MASTER/aircraft accidents/2023/PROPS /4d55837f-17d2-4faa-a9a5-46a889c9937f.JPG,/Volumes/AM ARFF/PICS MASTER/aircraft accidents/2023/PROPS /ART20-CONTINGENCY-accident-037.jpg,PICS MASTER/aircraft accidents,ART20-CONTINGENCY,USE,Bulk press photographs; verify content and rights before wiring any single one,552,414,22242,,118.2,
/Volumes/AM ARFF/PICS MASTER/aircraft accidents/2023/PROPS /50c90275-4fea-4f5c-9a67-a28a1547ccd6.JPG,/Volumes/AM ARFF/PICS MASTER/aircraft accidents/2023/PROPS /ART20-CONTINGENCY-accident-038.jpg,PICS MASTER/aircraft accidents,ART20-CONTINGENCY,USE,Bulk press photographs; verify content and rights before wiring any single one,960,720,115961,,129.9,
/Volumes/AM ARFF/PICS MASTER/aircraft accidents/2023/PROPS /5f6ff02d-5aac-4186-824f-2a7a2e06ad44.JPG,/Volumes/AM ARFF/PICS MASTER/aircraft accidents/2023/PROPS /ART20-CONTINGENCY-accident-039.jpg,PICS MASTER/aircraft accidents,ART20-CONTINGENCY,USE,Bulk press photographs; verify content and rights before wiring any single one,720,1280,94418,,129.4,
/Volumes/AM ARFF/PICS MASTER/aircraft accidents/2023/PROPS /9afc9677-e1bc-4278-b834-3ba9a6ee90c6 2.JPG,/Volumes/AM ARFF/PICS MASTER/aircraft accidents/2023/PROPS /ART20-CONTINGENCY-accident-040.jpg,PICS MASTER/aircraft accidents,ART20-CONTINGENCY,USE,Bulk press photographs; verify content and rights before wiring any single one,720,402,53966,,125.0,
/Volumes/AM ARFF/PICS MASTER/aircraft accidents/2023/PROPS /a163db9a-1b44-42a8-b702-1acc9c125949.JPG,/Volumes/AM ARFF/PICS MASTER/aircraft accidents/2023/PROPS /ART20-CONTINGENCY-accident-041.jpg,PICS MASTER/aircraft accidents,ART20-CONTINGENCY,USE,Bulk press photographs; verify content and rights before wiring any single one,1024,768,186743,,116.3,
/Volumes/AM ARFF/PICS MASTER/aircraft accidents/2023/PROPS /a2b30905-4a81-4aaa-8a82-dcdc1b2c7cfd.JPG,/Volumes/AM ARFF/PICS MASTER/aircraft accidents/2023/PROPS /ART20-CONTINGENCY-accident-042.jpg,PICS MASTER/aircraft accidents,ART20-CONTINGENCY,USE,Bulk press photographs; verify content and rights before wiring any single one,960,540,84470,,112.4,
/Volumes/AM ARFF/PICS MASTER/aircraft accidents/2023/PROPS /e5a254f7-a133-4bd7-9453-0ff19d128518.JPG,/Volumes/AM ARFF/PICS MASTER/aircraft accidents/2023/PROPS /ART20-CONTINGENCY-accident-043.jpg,PICS MASTER/aircraft accidents,ART20-CONTINGENCY,USE,Bulk press photographs; verify content and rights before wiring any single one,540,960,52238,,129.3,
/Volumes/AM ARFF/PICS MASTER/aircraft accidents/2023/PROPS /ecbd2fb3-10a4-4ad3-984c-bb901caed0ed.JPG,/Volumes/AM ARFF/PICS MASTER/aircraft accidents/2023/PROPS /ART20-CONTINGENCY-accident-044.jpg,PICS MASTER/aircraft accidents,ART20-CONTINGENCY,USE,Bulk press photographs; verify content and rights before wiring any single one,720,1280,61667,,128.3,
/Volumes/AM ARFF/PICS MASTER/aircraft accidents/2023/PROPS /f7d62cf6-c9c2-4859-b759-ecb44981363d.JPG,/Volumes/AM ARFF/PICS MASTER/aircraft accidents/2023/PROPS /ART20-CONTINGENCY-accident-045.jpg,PICS MASTER/aircraft accidents,ART20-CONTINGENCY,USE,Bulk press photographs; verify content and rights before wiring any single one,960,720,114629,,124.0,
/Volumes/AM ARFF/PICS MASTER/aircraft accidents/2023/ROBBIE/1be651db-0048-4aa1-9d35-02c738a539aa.JPG,/Volumes/AM ARFF/PICS MASTER/aircraft accidents/2023/ROBBIE/ART20-CONTINGENCY-accident-046.jpg,PICS MASTER/aircraft accidents,ART20-CONTINGENCY,USE,Bulk press photographs; verify content and rights before wiring any single one,1024,768,278626,,115.6,
/Volumes/AM ARFF/PICS MASTER/aircraft accidents/2023/ROBBIE/aa4cb220-0d37-4e91-a5d8-68e769c34e25.JPG,/Volumes/AM ARFF/PICS MASTER/aircraft accidents/2023/ROBBIE/ART20-CONTINGENCY-accident-047.jpg,PICS MASTER/aircraft accidents,ART20-CONTINGENCY,USE,Bulk press photographs; verify content and rights before wiring any single one,1024,768,168127,,123.8,
/Volumes/AM ARFF/PICS MASTER/aircraft accidents/2023/ROBBIE/c0aa1ca5-d858-43e0-b717-d44577f4006a.JPG,/Volumes/AM ARFF/PICS MASTER/aircraft accidents/2023/ROBBIE/ART20-CONTINGENCY-accident-048.jpg,PICS MASTER/aircraft accidents,ART20-CONTINGENCY,USE,Bulk press photographs; verify content and rights before wiring any single one,1024,768,191960,,116.5,
/Volumes/AM ARFF/PICS MASTER/aircraft accidents/2023/ROBBIE/cef43356-971a-4723-86c0-026724f8bdd0.JPG,/Volumes/AM ARFF/PICS MASTER/aircraft accidents/2023/ROBBIE/ART20-CONTINGENCY-accident-049.jpg,PICS MASTER/aircraft accidents,ART20-CONTINGENCY,USE,Bulk press photographs; verify content and rights before wiring any single one,1024,768,284113,,104.6,
/Volumes/AM ARFF/PICS MASTER/aircraft accidents/2023/UNITED ENGINE/057aba19-a1f2-443d-9e6a-5110d5577eb2.JPG,/Volumes/AM ARFF/PICS MASTER/aircraft accidents/2023/UNITED ENGINE/ART20-CONTINGENCY-accident-050.jpg,PICS MASTER/aircraft accidents,ART20-CONTINGENCY,USE,Bulk press photographs; verify content and rights before wiring any single one,720,480,11941,,113.2,
/Volumes/AM ARFF/PICS MASTER/aircraft accidents/2023/UNITED ENGINE/16568178-2737-4a9e-ac8c-fa6b8eb9be26.JPG,/Volumes/AM ARFF/PICS MASTER/aircraft accidents/2023/UNITED ENGINE/ART20-CONTINGENCY-accident-051.jpg,PICS MASTER/aircraft accidents,ART20-CONTINGENCY,USE,Bulk press photographs; verify content and rights before wiring any single one,720,960,147130,,126.0,
/Volumes/AM ARFF/PICS MASTER/aircraft accidents/2023/UNITED ENGINE/56eccebe-c956-4ee7-837c-aea7352bd49a.JPG,/Volumes/AM ARFF/PICS MASTER/aircraft accidents/2023/UNITED ENGINE/ART20-CONTINGENCY-accident-052.jpg,PICS MASTER/aircraft accidents,ART20-CONTINGENCY,USE,Bulk press photographs; verify content and rights before wiring any single one,1024,768,205711,,123.1,
/Volumes/AM ARFF/PICS MASTER/aircraft accidents/2023/UNITED ENGINE/83d51859-b7f7-4911-b994-1f9e85ac2fd8.JPG,/Volumes/AM ARFF/PICS MASTER/aircraft accidents/2023/UNITED ENGINE/ART20-CONTINGENCY-accident-053.jpg,PICS MASTER/aircraft accidents,ART20-CONTINGENCY,USE,Bulk press photographs; verify content and rights before wiring any single one,1024,768,161326,,138.7,
/Volumes/AM ARFF/PICS MASTER/aircraft accidents/2023/UNITED ENGINE/IMG_1196.JPG,/Volumes/AM ARFF/PICS MASTER/aircraft accidents/2023/UNITED ENGINE/ART20-CONTINGENCY-accident-054.jpg,PICS MASTER/aircraft accidents,ART20-CONTINGENCY,USE,Bulk press photographs; verify content and rights before wiring any single one,480,853,79478,2021:02:23 13:46:25,158.0,
/Volumes/AM ARFF/PICS MASTER/aircraft accidents/2023/UNITED ENGINE/IMG_1197.JPG,/Volumes/AM ARFF/PICS MASTER/aircraft accidents/2023/UNITED ENGINE/ART20-CONTINGENCY-accident-055.jpg,PICS MASTER/aircraft accidents,ART20-CONTINGENCY,USE,Bulk press photographs; verify content and rights before wiring any single one,450,800,107147,2021:02:23 13:46:30,94.8,
/Volumes/AM ARFF/PICS MASTER/aircraft accidents/2023/UNITED ENGINE/IMG_1198.JPG,/Volumes/AM ARFF/PICS MASTER/aircraft accidents/2023/UNITED ENGINE/ART20-CONTINGENCY-accident-056.jpg,PICS MASTER/aircraft accidents,ART20-CONTINGENCY,USE,Bulk press photographs; verify content and rights before wiring any single one,480,853,88537,2021:02:23 13:46:35,133.3,
/Volumes/AM ARFF/PICS MASTER/aircraft accidents/2023/UNITED ENGINE/IMG_1199.JPG,/Volumes/AM ARFF/PICS MASTER/aircraft accidents/2023/UNITED ENGINE/ART20-CONTINGENCY-accident-057.jpg,PICS MASTER/aircraft accidents,ART20-CONTINGENCY,USE,Bulk press photographs; verify content and rights before wiring any single one,480,853,109142,2021:02:23 13:46:41,125.1,
/Volumes/AM ARFF/PICS MASTER/aircraft accidents/2023/UNITED ENGINE/a84f89a1-50a2-4dd1-8824-81b02bb53e6a.JPG,/Volumes/AM ARFF/PICS MASTER/aircraft accidents/2023/UNITED ENGINE/ART20-CONTINGENCY-accident-058.jpg,PICS MASTER/aircraft accidents,ART20-CONTINGENCY,USE,Bulk press photographs; verify content and rights before wiring any single one,1024,768,73264,,158.8,
/Volumes/AM ARFF/PICS MASTER/aircraft accidents/2023/UNITED ENGINE/b9a8f69d-9245-4774-933f-8d1c36b6b3b5.JPG,/Volumes/AM ARFF/PICS MASTER/aircraft accidents/2023/UNITED ENGINE/ART20-CONTINGENCY-accident-059.jpg,PICS MASTER/aircraft accidents,ART20-CONTINGENCY,USE,Bulk press photographs; verify content and rights before wiring any single one,720,960,164791,,133.2,
/Volumes/AM ARFF/PICS MASTER/aircraft accidents/2023/UNITED ENGINE/c7cd7ca6-22ce-451a-856e-edc1b8b22ac2.JPG,/Volumes/AM ARFF/PICS MASTER/aircraft accidents/2023/UNITED ENGINE/ART20-CONTINGENCY-accident-060.jpg,PICS MASTER/aircraft accidents,ART20-CONTINGENCY,USE,Bulk press photographs; verify content and rights before wiring any single one,720,960,138919,,125.8,
/Volumes/AM ARFF/PICS MASTER/aircraft accidents/2023/UNITED ENGINE/cc0fdb70-0dd7-4563-bcca-1d4c8361a4e3.JPG,/Volumes/AM ARFF/PICS MASTER/aircraft accidents/2023/UNITED ENGINE/ART20-CONTINGENCY-accident-061.jpg,PICS MASTER/aircraft accidents,ART20-CONTINGENCY,USE,Bulk press photographs; verify content and rights before wiring any single one,720,960,153220,,106.4,
/Volumes/AM ARFF/PICS MASTER/aircraft accidents/2023/UNITED ENGINE/ea8cae93-967e-46e9-a79a-517c5d4dee81.JPG,/Volumes/AM ARFF/PICS MASTER/aircraft accidents/2023/UNITED ENGINE/ART20-CONTINGENCY-accident-062.jpg,PICS MASTER/aircraft accidents,ART20-CONTINGENCY,USE,Bulk press photographs; verify content and rights before wiring any single one,768,1024,198683,,129.1,
/Volumes/AM ARFF/PICS MASTER/aircraft accidents/3.jpg,/Volumes/AM ARFF/PICS MASTER/aircraft accidents/ART20-CONTINGENCY-accident-063.jpg,PICS MASTER/aircraft accidents,ART20-CONTINGENCY,USE,Bulk press photographs; verify content and rights before wiring any single one,796,442,78072,,146.9,
/Volumes/AM ARFF/PICS MASTER/aircraft accidents/3197.jpg,/Volumes/AM ARFF/PICS MASTER/aircraft accidents/ART20-CONTINGENCY-accident-064.jpg,PICS MASTER/aircraft accidents,ART20-CONTINGENCY,USE,Bulk press photographs; verify content and rights before wiring any single one,600,450,146983,,110.8,
/Volumes/AM ARFF/PICS MASTER/aircraft accidents/6.jpg,/Volumes/AM ARFF/PICS MASTER/aircraft accidents/ART20-CONTINGENCY-accident-065.jpg,PICS MASTER/aircraft accidents,ART20-CONTINGENCY,USE,Bulk press photographs; verify content and rights before wiring any single one,384,288,29592,,133.0,
/Volumes/AM ARFF/PICS MASTER/aircraft accidents/7.jpg,/Volumes/AM ARFF/PICS MASTER/aircraft accidents/ART20-CONTINGENCY-accident-066.jpg,PICS MASTER/aircraft accidents,ART20-CONTINGENCY,USE,Bulk press photographs; verify content and rights before wiring any single one,560,414,71083,,113.4,
/Volumes/AM ARFF/PICS MASTER/aircraft accidents/747%20gear%20fail%201.jpg,/Volumes/AM ARFF/PICS MASTER/aircraft accidents/ART20-CONTINGENCY-accident-067.jpg,PICS MASTER/aircraft accidents,ART20-CONTINGENCY,USE,Bulk press photographs; verify content and rights before wiring any single one,800,600,80996,,141.4,
/Volumes/AM ARFF/PICS MASTER/aircraft accidents/747%20gear%20fail%202.jpg,/Volumes/AM ARFF/PICS MASTER/aircraft accidents/ART20-CONTINGENCY-accident-068.jpg,PICS MASTER/aircraft accidents,ART20-CONTINGENCY,USE,Bulk press photographs; verify content and rights before wiring any single one,550,337,50072,,147.2,
/Volumes/AM ARFF/PICS MASTER/aircraft accidents/747un_pic1.jpg,/Volumes/AM ARFF/PICS MASTER/aircraft accidents/ART20-CONTINGENCY-accident-069.jpg,PICS MASTER/aircraft accidents,ART20-CONTINGENCY,USE,Bulk press photographs; verify content and rights before wiring any single one,800,600,71365,,137.3,
/Volumes/AM ARFF/PICS MASTER/aircraft accidents/747un_pic2.jpg,/Volumes/AM ARFF/PICS MASTER/aircraft accidents/ART20-CONTINGENCY-accident-070.jpg,PICS MASTER/aircraft accidents,ART20-CONTINGENCY,USE,Bulk press photographs; verify content and rights before wiring any single one,640,480,35444,,107.9,
/Volumes/AM ARFF/PICS MASTER/aircraft accidents/747un_pic3.jpg,/Volumes/AM ARFF/PICS MASTER/aircraft accidents/ART20-CONTINGENCY-accident-071.jpg,PICS MASTER/aircraft accidents,ART20-CONTINGENCY,USE,Bulk press photographs; verify content and rights before wiring any single one,640,480,45698,,186.8,
/Volumes/AM ARFF/PICS MASTER/aircraft accidents/747un_pic4.jpg,/Volumes/AM ARFF/PICS MASTER/aircraft accidents/ART20-CONTINGENCY-accident-072.jpg,PICS MASTER/aircraft accidents,ART20-CONTINGENCY,USE,Bulk press photographs; verify content and rights before wiring any single one,640,480,63360,,146.2,
/Volumes/AM ARFF/PICS MASTER/aircraft accidents/8.jpg,/Volumes/AM ARFF/PICS MASTER/aircraft accidents/ART20-CONTINGENCY-accident-073.jpg,PICS MASTER/aircraft accidents,ART20-CONTINGENCY,USE,Bulk press photographs; verify content and rights before wiring any single one,448,297,42044,,118.3,
/Volumes/AM ARFF/PICS MASTER/aircraft accidents/AAFSA PICTURE DC10 CHICAGO.jpg,/Volumes/AM ARFF/PICS MASTER/aircraft accidents/ART20-CONTINGENCY-accident-074.jpg,PICS MASTER/aircraft accidents,ART20-CONTINGENCY,USE,Bulk press photographs; verify content and rights before wiring any single one,325,447,13103,,124.1,
/Volumes/AM ARFF/PICS MASTER/aircraft accidents/ACCIDENTSTTRAINING/0220882.jpg,/Volumes/AM ARFF/PICS MASTER/aircraft accidents/ACCIDENTSTTRAINING/ART20-CONTINGENCY-accident-075-dup2.jpg,PICS MASTER/aircraft accidents,ART20-CONTINGENCY,USE,Bulk press photographs; verify content and rights before wiring any single one,962,780,190931,,117.1,yes
/Volumes/AM ARFF/PICS MASTER/aircraft accidents/ACCIDENTSTTRAINING/0347818.jpg,/Volumes/AM ARFF/PICS MASTER/aircraft accidents/ACCIDENTSTTRAINING/ART20-CONTINGENCY-accident-076.jpg,PICS MASTER/aircraft accidents,ART20-CONTINGENCY,USE,Bulk press photographs; verify content and rights before wiring any single one,640,426,73922,2003:05:09 21:57:04,114.5,
/Volumes/AM ARFF/PICS MASTER/aircraft accidents/ACCIDENTSTTRAINING/0827869.jpg,/Volumes/AM ARFF/PICS MASTER/aircraft accidents/ACCIDENTSTTRAINING/ART20-CONTINGENCY-accident-077.jpg,PICS MASTER/aircraft accidents,ART20-CONTINGENCY,USE,Bulk press photographs; verify content and rights before wiring any single one,1024,686,253638,,144.9,
/Volumes/AM ARFF/PICS MASTER/aircraft accidents/ACCIDENTSTTRAINING/1059746.jpg,/Volumes/AM ARFF/PICS MASTER/aircraft accidents/ACCIDENTSTTRAINING/ART20-CONTINGENCY-accident-078-dup2.jpg,PICS MASTER/aircraft accidents,ART20-CONTINGENCY,USE,Bulk press photographs; verify content and rights before wiring any single one,1080,769,244112,,146.7,yes
/Volumes/AM ARFF/PICS MASTER/aircraft accidents/ACCIDENTSTTRAINING/1068806.jpg,/Volumes/AM ARFF/PICS MASTER/aircraft accidents/ACCIDENTSTTRAINING/ART20-CONTINGENCY-accident-079-dup2.jpg,PICS MASTER/aircraft accidents,ART20-CONTINGENCY,USE,Bulk press photographs; verify content and rights before wiring any single one,1024,679,441251,,94.4,yes
/Volumes/AM ARFF/PICS MASTER/aircraft accidents/ACCIDENTSTTRAINING/1135363.jpg,/Volumes/AM ARFF/PICS MASTER/aircraft accidents/ACCIDENTSTTRAINING/ART20-CONTINGENCY-accident-080-dup2.jpg,PICS MASTER/aircraft accidents,ART20-CONTINGENCY,USE,Bulk press photographs; verify content and rights before wiring any single one,1200,801,339794,,133.5,yes
/Volumes/AM ARFF/PICS MASTER/aircraft accidents/ACCIDENTSTTRAINING/1247486.jpg,/Volumes/AM ARFF/PICS MASTER/aircraft accidents/ACCIDENTSTTRAINING/ART20-CONTINGENCY-accident-081.jpg,PICS MASTER/aircraft accidents,ART20-CONTINGENCY,USE,Bulk press photographs; verify content and rights before wiring any single one,1024,695,403744,,137.0,
/Volumes/AM ARFF/PICS MASTER/aircraft accidents/ACCIDENTSTTRAINING/19910421-I-0-I-d-1-500.jpg,/Volumes/AM ARFF/PICS MASTER/aircraft accidents/ACCIDENTSTTRAINING/ART20-CONTINGENCY-accident-082-dup2.jpg,PICS MASTER/aircraft accidents,ART20-CONTINGENCY,USE,Bulk press photographs; verify content and rights before wiring any single one,550,356,70516,,87.8,yes
/Volumes/AM ARFF/PICS MASTER/aircraft accidents/ACCIDENTSTTRAINING/20010402-1-I-d-2-500.jpg,/Volumes/AM ARFF/PICS MASTER/aircraft accidents/ACCIDENTSTTRAINING/ART20-CONTINGENCY-accident-083.jpg,PICS MASTER/aircraft accidents,ART20-CONTINGENCY,USE,Bulk press photographs; verify content and rights before wiring any single one,500,375,52616,,116.2,
/Volumes/AM ARFF/PICS MASTER/aircraft accidents/ACCIDENTSTTRAINING/20020106-I-0-I-d-2-500.jpg,/Volumes/AM ARFF/PICS MASTER/aircraft accidents/ACCIDENTSTTRAINING/ART20-CONTINGENCY-accident-084-dup2.jpg,PICS MASTER/aircraft accidents,ART20-CONTINGENCY,USE,Bulk press photographs; verify content and rights before wiring any single one,500,396,47655,,79.1,yes
/Volumes/AM ARFF/PICS MASTER/aircraft accidents/ACCIDENTSTTRAINING/20020106-I-0-I-d-4-500.jpg,/Volumes/AM ARFF/PICS MASTER/aircraft accidents/ACCIDENTSTTRAINING/ART20-CONTINGENCY-accident-085-dup2.jpg,PICS MASTER/aircraft accidents,ART20-CONTINGENCY,USE,Bulk press photographs; verify content and rights before wiring any single one,500,375,52432,,97.4,yes
/Volumes/AM ARFF/PICS MASTER/aircraft accidents/ACCIDENTSTTRAINING/20040427-I-0-I-d-3-500.jpg,/Volumes/AM ARFF/PICS MASTER/aircraft accidents/ACCIDENTSTTRAINING/ART20-CONTINGENCY-accident-086-dup2.jpg,PICS MASTER/aircraft accidents,ART20-CONTINGENCY,USE,Bulk press photographs; verify content and rights before wiring any single one,550,371,33602,,161.8,yes
/Volumes/AM ARFF/PICS MASTER/aircraft accidents/ACCIDENTSTTRAINING/20040723-I-0-I-d-1-500.jpg,/Volumes/AM ARFF/PICS MASTER/aircraft accidents/ACCIDENTSTTRAINING/ART20-CONTINGENCY-accident-087-dup2.jpg,PICS MASTER/aircraft accidents,ART20-CONTINGENCY,USE,Bulk press photographs; verify content and rights before wiring any single one,550,413,46920,,115.9,yes
/Volumes/AM ARFF/PICS MASTER/aircraft accidents/ACCIDENTSTTRAINING/20050522-I-0-I-d-1-500.jpg,/Volumes/AM ARFF/PICS MASTER/aircraft accidents/ACCIDENTSTTRAINING/ART20-CONTINGENCY-accident-088-dup2.jpg,PICS MASTER/aircraft accidents,ART20-CONTINGENCY,USE,Bulk press photographs; verify content and rights before wiring any single one,550,413,64315,2005:06:26 15:18:59,95.7,yes
/Volumes/AM ARFF/PICS MASTER/aircraft accidents/ACCIDENTSTTRAINING/7E7Dreamliner_3.jpg,/Volumes/AM ARFF/PICS MASTER/aircraft accidents/ACCIDENTSTTRAINING/ART20-CONTINGENCY-accident-089.jpg,PICS MASTER/aircraft accidents,ART20-CONTINGENCY,USE,Bulk press photographs; verify content and rights before wiring any single one,600,378,19167,,132.6,
/Volumes/AM ARFF/PICS MASTER/aircraft accidents/ACCIDENTSTTRAINING/7E7Dreamliner_5.jpg,/Volumes/AM ARFF/PICS MASTER/aircraft accidents/ACCIDENTSTTRAINING/ART20-CONTINGENCY-accident-090.jpg,PICS MASTER/aircraft accidents,ART20-CONTINGENCY,USE,Bulk press photographs; verify content and rights before wiring any single one,550,309,21832,,160.1,
/Volumes/AM ARFF/PICS MASTER/aircraft accidents/ACCIDENTSTTRAINING/990074-F-d-1-500[1].jpg,/Volumes/AM ARFF/PICS MASTER/aircraft accidents/ACCIDENTSTTRAINING/ART20-CONTINGENCY-accident-091.jpg,PICS MASTER/aircraft accidents,ART20-CONTINGENCY,USE,Bulk press photographs; verify content and rights before wiring any single one,550,358,40639,,158.6,
/Volumes/AM ARFF/PICS MASTER/aircraft accidents/ACCIDENTSTTRAINING/Boeing777_9.jpg,/Volumes/AM ARFF/PICS MASTER/aircraft accidents/ACCIDENTSTTRAINING/ART20-CONTINGENCY-accident-092.jpg,PICS MASTER/aircraft accidents,ART20-CONTINGENCY,USE,Bulk press photographs; verify content and rights before wiring any single one,600,399,44913,,116.3,
/Volumes/AM ARFF/PICS MASTER/aircraft accidents/ACCIDENTSTTRAINING/bird strike 2.jpg,/Volumes/AM ARFF/PICS MASTER/aircraft accidents/ACCIDENTSTTRAINING/ART20-CONTINGENCY-accident-093.jpg,PICS MASTER/aircraft accidents,ART20-CONTINGENCY,USE,Bulk press photographs; verify content and rights before wiring any single one,500,375,52146,,117.9,
/Volumes/AM ARFF/PICS MASTER/aircraft accidents/ACCIDENTSTTRAINING/bird strike 3.jpg,/Volumes/AM ARFF/PICS MASTER/aircraft accidents/ACCIDENTSTTRAINING/ART20-CONTINGENCY-accident-094.jpg,PICS MASTER/aircraft accidents,ART20-CONTINGENCY,USE,Bulk press photographs; verify content and rights before wiring any single one,500,375,50795,,130.1,
/Volumes/AM ARFF/PICS MASTER/aircraft accidents/ACCIDENTSTTRAINING/china airlines fire (1).jpg,/Volumes/AM ARFF/PICS MASTER/aircraft accidents/ACCIDENTSTTRAINING/ART20-CONTINGENCY-accident-095.jpg,PICS MASTER/aircraft accidents,ART20-CONTINGENCY,USE,Bulk press photographs; verify content and rights before wiring any single one,416,300,32326,,121.5,
/Volumes/AM ARFF/PICS MASTER/aircraft accidents/ACCIDENTSTTRAINING/china airlines fire (2).jpg,/Volumes/AM ARFF/PICS MASTER/aircraft accidents/ACCIDENTSTTRAINING/ART20-CONTINGENCY-accident-096.jpg,PICS MASTER/aircraft accidents,ART20-CONTINGENCY,USE,Bulk press photographs; verify content and rights before wiring any single one,416,300,30456,,103.8,
/Volumes/AM ARFF/PICS MASTER/aircraft accidents/ACCIDENTSTTRAINING/china airlines fire (3).jpg,/Volumes/AM ARFF/PICS MASTER/aircraft accidents/ACCIDENTSTTRAINING/ART20-CONTINGENCY-accident-097.jpg,PICS MASTER/aircraft accidents,ART20-CONTINGENCY,USE,Bulk press photographs; verify content and rights before wiring any single one,300,300,24298,,108.9,
/Volumes/AM ARFF/PICS MASTER/aircraft accidents/ACCIDENTSTTRAINING/china airlines fire (4).jpg,/Volumes/AM ARFF/PICS MASTER/aircraft accidents/ACCIDENTSTTRAINING/ART20-CONTINGENCY-accident-098.jpg,PICS MASTER/aircraft accidents,ART20-CONTINGENCY,USE,Bulk press photographs; verify content and rights before wiring any single one,416,300,26303,,150.7,
/Volumes/AM ARFF/PICS MASTER/aircraft accidents/ACCIDENTSTTRAINING/china airlines fire (5).jpg,/Volumes/AM ARFF/PICS MASTER/aircraft accidents/ACCIDENTSTTRAINING/ART20-CONTINGENCY-accident-099.jpg,PICS MASTER/aircraft accidents,ART20-CONTINGENCY,USE,Bulk press photographs; verify content and rights before wiring any single one,416,300,25455,,157.8,
/Volumes/AM ARFF/PICS MASTER/aircraft accidents/ACCIDENTSTTRAINING/china airlines fire.jpg,/Volumes/AM ARFF/PICS MASTER/aircraft accidents/ACCIDENTSTTRAINING/ART20-CONTINGENCY-accident-100.jpg,PICS MASTER/aircraft accidents,ART20-CONTINGENCY,USE,Bulk press photographs; verify content and rights before wiring any single one,220,300,21737,,130.6,
/Volumes/AM ARFF/PICS MASTER/aircraft accidents/ACCIDENTSTTRAINING/china airlines in hangars (1).jpg,/Volumes/AM ARFF/PICS MASTER/aircraft accidents/ACCIDENTSTTRAINING/ART20-CONTINGENCY-accident-101.jpg,PICS MASTER/aircraft accidents,ART20-CONTINGENCY,USE,Bulk press photographs; verify content and rights before wiring any single one,1055,769,211281,,141.4,
/Volumes/AM ARFF/PICS MASTER/aircraft accidents/ACCIDENTSTTRAINING/china airlines in hangars (2).jpg,/Volumes/AM ARFF/PICS MASTER/aircraft accidents/ACCIDENTSTTRAINING/ART20-CONTINGENCY-accident-102.jpg,PICS MASTER/aircraft accidents,ART20-CONTINGENCY,USE,Bulk press photographs; verify content and rights before wiring any single one,1024,683,156765,2007:04:19 14:42:40,166.8,
/Volumes/AM ARFF/PICS MASTER/aircraft accidents/ACCIDENTSTTRAINING/china airlines in hangars (3).jpg,/Volumes/AM ARFF/PICS MASTER/aircraft accidents/ACCIDENTSTTRAINING/ART20-CONTINGENCY-accident-103.jpg,PICS MASTER/aircraft accidents,ART20-CONTINGENCY,USE,Bulk press photographs; verify content and rights before wiring any single one,445,296,87170,,114.3,
/Volumes/AM ARFF/PICS MASTER/aircraft accidents/ACCIDENTSTTRAINING/china airlines in hangars (4).jpg,/Volumes/AM ARFF/PICS MASTER/aircraft accidents/ACCIDENTSTTRAINING/ART20-CONTINGENCY-accident-104.jpg,PICS MASTER/aircraft accidents,ART20-CONTINGENCY,USE,Bulk press photographs; verify content and rights before wiring any single one,1024,683,137057,2007:04:19 14:39:51,154.7,
/Volumes/AM ARFF/PICS MASTER/aircraft accidents/ACCIDENTSTTRAINING/china airlines in hangars (5).jpg,/Volumes/AM ARFF/PICS MASTER/aircraft accidents/ACCIDENTSTTRAINING/ART20-CONTINGENCY-accident-105.jpg,PICS MASTER/aircraft accidents,ART20-CONTINGENCY,USE,Bulk press photographs; verify content and rights before wiring any single one,1024,683,159991,2007:04:19 14:40:53,161.5,
/Volumes/AM ARFF/PICS MASTER/aircraft accidents/ACCIDENTSTTRAINING/china airlines in hangars (6).jpg,/Volumes/AM ARFF/PICS MASTER/aircraft accidents/ACCIDENTSTTRAINING/ART20-CONTINGENCY-accident-106.jpg,PICS MASTER/aircraft accidents,ART20-CONTINGENCY,USE,Bulk press photographs; verify content and rights before wiring any single one,1024,683,142586,2007:04:19 14:41:08,137.6,
/Volumes/AM ARFF/PICS MASTER/aircraft accidents/ACCIDENTSTTRAINING/china airlines in hangars (7).jpg,/Volumes/AM ARFF/PICS MASTER/aircraft accidents/ACCIDENTSTTRAINING/ART20-CONTINGENCY-accident-107.jpg,PICS MASTER/aircraft accidents,ART20-CONTINGENCY,USE,Bulk press photographs; verify content and rights before wiring any single one,445,329,237146,,141.9,
/Volumes/AM ARFF/PICS MASTER/aircraft accidents/ACCIDENTSTTRAINING/china airlines in hangars (8).jpg,/Volumes/AM ARFF/PICS MASTER/aircraft accidents/ACCIDENTSTTRAINING/ART20-CONTINGENCY-accident-108.jpg,PICS MASTER/aircraft accidents,ART20-CONTINGENCY,USE,Bulk press photographs; verify content and rights before wiring any single one,1024,683,127835,2007:04:19 14:40:05,123.7,
/Volumes/AM ARFF/PICS MASTER/aircraft accidents/ACCIDENTSTTRAINING/china airlines in hangars.jpg,/Volumes/AM ARFF/PICS MASTER/aircraft accidents/ACCIDENTSTTRAINING/ART20-CONTINGENCY-accident-109.jpg,PICS MASTER/aircraft accidents,ART20-CONTINGENCY,USE,Bulk press photographs; verify content and rights before wiring any single one,1024,683,156360,2007:04:19 14:40:18,157.6,
/Volumes/AM ARFF/PICS MASTER/aircraft accidents/ACCIDENTSTTRAINING/china.jpg,/Volumes/AM ARFF/PICS MASTER/aircraft accidents/ACCIDENTSTTRAINING/ART20-CONTINGENCY-accident-110.jpg,PICS MASTER/aircraft accidents,ART20-CONTINGENCY,USE,Bulk press photographs; verify content and rights before wiring any single one,1024,683,161693,2007:04:19 14:40:40,158.1,
/Volumes/AM ARFF/PICS MASTER/aircraft accidents/ACCIDENTSTTRAINING/fire_rig_detail.jpg,/Volumes/AM ARFF/PICS MASTER/aircraft accidents/ACCIDENTSTTRAINING/ART20-CONTINGENCY-accident-111.jpg,PICS MASTER/aircraft accidents,ART20-CONTINGENCY,USE,Bulk press photographs; verify content and rights before wiring any single one,600,451,63370,,122.7,
/Volumes/AM ARFF/PICS MASTER/aircraft accidents/ACCIDENTSTTRAINING/hail storm.jpg,/Volumes/AM ARFF/PICS MASTER/aircraft accidents/ACCIDENTSTTRAINING/ART20-CONTINGENCY-accident-112.jpg,PICS MASTER/aircraft accidents,ART20-CONTINGENCY,USE,Bulk press photographs; verify content and rights before wiring any single one,550,412,68192,,124.1,
/Volumes/AM ARFF/PICS MASTER/aircraft accidents/ACIDENTS DURBAN/DSC05256.JPG,/Volumes/AM ARFF/PICS MASTER/aircraft accidents/ACIDENTS DURBAN/ART20-CONTINGENCY-accident-113.jpg,PICS MASTER/aircraft accidents,ART20-CONTINGENCY,USE,Bulk press photographs; verify content and rights before wiring any single one,640,480,60497,2005:04:22 13:10:07,189.5,
/Volumes/AM ARFF/PICS MASTER/aircraft accidents/ACIDENTS DURBAN/DSC05257.JPG,/Volumes/AM ARFF/PICS MASTER/aircraft accidents/ACIDENTS DURBAN/ART20-CONTINGENCY-accident-114.jpg,PICS MASTER/aircraft accidents,ART20-CONTINGENCY,USE,Bulk press photographs; verify content and rights before wiring any single one,640,480,62361,2005:04:22 13:10:19,196.9,
/Volumes/AM ARFF/PICS MASTER/aircraft accidents/ACIDENTS DURBAN/DSC05258.JPG,/Volumes/AM ARFF/PICS MASTER/aircraft accidents/ACIDENTS DURBAN/ART20-CONTINGENCY-accident-115.jpg,PICS MASTER/aircraft accidents,ART20-CONTINGENCY,USE,Bulk press photographs; verify content and rights before wiring any single one,640,480,62687,2005:04:22 13:10:38,196.4,
/Volumes/AM ARFF/PICS MASTER/aircraft accidents/ACIDENTS DURBAN/DSC05259.JPG,/Volumes/AM ARFF/PICS MASTER/aircraft accidents/ACIDENTS DURBAN/ART20-CONTINGENCY-accident-116.jpg,PICS MASTER/aircraft accidents,ART20-CONTINGENCY,USE,Bulk press photographs; verify content and rights before wiring any single one,640,480,62820,2005:04:22 13:10:52,191.7,
/Volumes/AM ARFF/PICS MASTER/aircraft accidents/ACIDENTS DURBAN/DSC05260.JPG,/Volumes/AM ARFF/PICS MASTER/aircraft accidents/ACIDENTS DURBAN/ART20-CONTINGENCY-accident-117.jpg,PICS MASTER/aircraft accidents,ART20-CONTINGENCY,USE,Bulk press photographs; verify content and rights before wiring any single one,640,480,59586,2005:04:22 13:11:12,206.2,
/Volumes/AM ARFF/PICS MASTER/aircraft accidents/ACIDENTS DURBAN/DSC05261.JPG,/Volumes/AM ARFF/PICS MASTER/aircraft accidents/ACIDENTS DURBAN/ART20-CONTINGENCY-accident-118.jpg,PICS MASTER/aircraft accidents,ART20-CONTINGENCY,USE,Bulk press photographs; verify content and rights before wiring any single one,640,480,61500,2005:04:22 13:11:29,208.0,
/Volumes/AM ARFF/PICS MASTER/aircraft accidents/ACIDENTS DURBAN/DSC05264.JPG,/Volumes/AM ARFF/PICS MASTER/aircraft accidents/ACIDENTS DURBAN/ART20-CONTINGENCY-accident-119.jpg,PICS MASTER/aircraft accidents,ART20-CONTINGENCY,USE,Bulk press photographs; verify content and rights before wiring any single one,640,480,59819,2005:04:22 13:34:29,198.8,
/Volumes/AM ARFF/PICS MASTER/aircraft accidents/ACIDENTS DURBAN/DSC05265.JPG,/Volumes/AM ARFF/PICS MASTER/aircraft accidents/ACIDENTS DURBAN/ART20-CONTINGENCY-accident-120.jpg,PICS MASTER/aircraft accidents,ART20-CONTINGENCY,USE,Bulk press photographs; verify content and rights before wiring any single one,640,480,60915,2005:04:22 13:34:49,207.9,
/Volumes/AM ARFF/PICS MASTER/aircraft accidents/ACIDENTS DURBAN/P1010074.JPG,/Volumes/AM ARFF/PICS MASTER/aircraft accidents/ACIDENTS DURBAN/ART20-CONTINGENCY-accident-121.jpg,PICS MASTER/aircraft accidents,ART20-CONTINGENCY,USE,Bulk press photographs; verify content and rights before wiring any single one,640,480,44284,,124.3,
/Volumes/AM ARFF/PICS MASTER/aircraft accidents/ACIDENTS DURBAN/P1010075.JPG,/Volumes/AM ARFF/PICS MASTER/aircraft accidents/ACIDENTS DURBAN/ART20-CONTINGENCY-accident-122.jpg,PICS MASTER/aircraft accidents,ART20-CONTINGENCY,USE,Bulk press photographs; verify content and rights before wiring any single one,640,480,38275,,143.8,
/Volumes/AM ARFF/PICS MASTER/aircraft accidents/ACIDENTS DURBAN/P1010076.JPG,/Volumes/AM ARFF/PICS MASTER/aircraft accidents/ACIDENTS DURBAN/ART20-CONTINGENCY-accident-123.jpg,PICS MASTER/aircraft accidents,ART20-CONTINGENCY,USE,Bulk press photographs; verify content and rights before wiring any single one,640,480,31665,,120.8,
/Volumes/AM ARFF/PICS MASTER/aircraft accidents/ACIDENTS DURBAN/P1010077.JPG,/Volumes/AM ARFF/PICS MASTER/aircraft accidents/ACIDENTS DURBAN/ART20-CONTINGENCY-accident-124.jpg,PICS MASTER/aircraft accidents,ART20-CONTINGENCY,USE,Bulk press photographs; verify content and rights before wiring any single one,640,480,50608,,123.5,
/Volumes/AM ARFF/PICS MASTER/aircraft accidents/ACIDENTS DURBAN/P1010078.JPG,/Volumes/AM ARFF/PICS MASTER/aircraft accidents/ACIDENTS DURBAN/ART20-CONTINGENCY-accident-125.jpg,PICS MASTER/aircraft accidents,ART20-CONTINGENCY,USE,Bulk press photographs; verify content and rights before wiring any single one,640,480,44378,,121.7,
/Volumes/AM ARFF/PICS MASTER/aircraft accidents/ACIDENTS DURBAN/P1010079.JPG,/Volumes/AM ARFF/PICS MASTER/aircraft accidents/ACIDENTS DURBAN/ART20-CONTINGENCY-accident-126.jpg,PICS MASTER/aircraft accidents,ART20-CONTINGENCY,USE,Bulk press photographs; verify content and rights before wiring any single one,640,480,32882,,119.7,
/Volumes/AM ARFF/PICS MASTER/aircraft accidents/ACIDENTS DURBAN/P1010080.JPG,/Volumes/AM ARFF/PICS MASTER/aircraft accidents/ACIDENTS DURBAN/ART20-CONTINGENCY-accident-127.jpg,PICS MASTER/aircraft accidents,ART20-CONTINGENCY,USE,Bulk press photographs; verify content and rights before wiring any single one,640,480,29140,,125.4,
/Volumes/AM ARFF/PICS MASTER/aircraft accidents/ACIDENTS DURBAN/P1010081.JPG,/Volumes/AM ARFF/PICS MASTER/aircraft accidents/ACIDENTS DURBAN/ART20-CONTINGENCY-accident-128.jpg,PICS MASTER/aircraft accidents,ART20-CONTINGENCY,USE,Bulk press photographs; verify content and rights before wiring any single one,640,480,36045,,115.5,
/Volumes/AM ARFF/PICS MASTER/aircraft accidents/ACIDENTS DURBAN/P1010082.JPG,/Volumes/AM ARFF/PICS MASTER/aircraft accidents/ACIDENTS DURBAN/ART20-CONTINGENCY-accident-129.jpg,PICS MASTER/aircraft accidents,ART20-CONTINGENCY,USE,Bulk press photographs; verify content and rights before wiring any single one,640,480,26234,,119.7,
/Volumes/AM ARFF/PICS MASTER/aircraft accidents/ACIDENTS DURBAN/small aircraft accident dia/Copy of DSC00803 (Small).JPG,/Volumes/AM ARFF/PICS MASTER/aircraft accidents/ACIDENTS DURBAN/small aircraft accident dia/ART20-CONTINGENCY-accident-130.jpg,PICS MASTER/aircraft accidents,ART20-CONTINGENCY,USE,Bulk press photographs; verify content and rights before wiring any single one,640,480,89370,2006:11:26 09:53:16,128.8,
/Volumes/AM ARFF/PICS MASTER/aircraft accidents/ACIDENTS DURBAN/small aircraft accident dia/Copy of DSC00804 (Small).JPG,/Volumes/AM ARFF/PICS MASTER/aircraft accidents/ACIDENTS DURBAN/small aircraft accident dia/ART20-CONTINGENCY-accident-131.jpg,PICS MASTER/aircraft accidents,ART20-CONTINGENCY,USE,Bulk press photographs; verify content and rights before wiring any single one,640,480,98894,2006:11:26 09:53:36,126.9,
/Volumes/AM ARFF/PICS MASTER/aircraft accidents/ACIDENTS DURBAN/small aircraft accident dia/Copy of DSC00805 (Small).JPG,/Volumes/AM ARFF/PICS MASTER/aircraft accidents/ACIDENTS DURBAN/small aircraft accident dia/ART20-CONTINGENCY-accident-132.jpg,PICS MASTER/aircraft accidents,ART20-CONTINGENCY,USE,Bulk press photographs; verify content and rights before wiring any single one,640,480,98775,2006:11:26 09:54:02,121.3,
/Volumes/AM ARFF/PICS MASTER/aircraft accidents/ACIDENTS DURBAN/small aircraft accident dia/DSC00796 (Small).JPG,/Volumes/AM ARFF/PICS MASTER/aircraft accidents/ACIDENTS DURBAN/small aircraft accident dia/ART20-CONTINGENCY-accident-133.jpg,PICS MASTER/aircraft accidents,ART20-CONTINGENCY,USE,Bulk press photographs; verify content and rights before wiring any single one,640,480,60091,2006:11:26 09:40:22,140.7,
/Volumes/AM ARFF/PICS MASTER/aircraft accidents/ACIDENTS DURBAN/small aircraft accident dia/DSC00797 (Small).JPG,/Volumes/AM ARFF/PICS MASTER/aircraft accidents/ACIDENTS DURBAN/small aircraft accident dia/ART20-CONTINGENCY-accident-134.jpg,PICS MASTER/aircraft accidents,ART20-CONTINGENCY,USE,Bulk press photographs; verify content and rights before wiring any single one,640,480,66976,2006:11:26 09:40:36,134.9,
/Volumes/AM ARFF/PICS MASTER/aircraft accidents/ACIDENTS DURBAN/small aircraft accident dia/DSC00798 (Small).JPG,/Volumes/AM ARFF/PICS MASTER/aircraft accidents/ACIDENTS DURBAN/small aircraft accident dia/ART20-CONTINGENCY-accident-135.jpg,PICS MASTER/aircraft accidents,ART20-CONTINGENCY,USE,Bulk press photographs; verify content and rights before wiring any single one,640,480,64121,2006:11:26 09:40:49,147.7,
/Volumes/AM ARFF/PICS MASTER/aircraft accidents/ACIDENTS DURBAN/small aircraft accident dia/DSC00799 (Small).JPG,/Volumes/AM ARFF/PICS MASTER/aircraft accidents/ACIDENTS DURBAN/small aircraft accident dia/ART20-CONTINGENCY-accident-136.jpg,PICS MASTER/aircraft accidents,ART20-CONTINGENCY,USE,Bulk press photographs; verify content and rights before wiring any single one,640,480,60728,2006:11:26 09:40:55,142.5,
/Volumes/AM ARFF/PICS MASTER/aircraft accidents/ACIDENTS DURBAN/small aircraft accident dia/DSC00800 (Small).JPG,/Volumes/AM ARFF/PICS MASTER/aircraft accidents/ACIDENTS DURBAN/small aircraft accident dia/ART20-CONTINGENCY-accident-137.jpg,PICS MASTER/aircraft accidents,ART20-CONTINGENCY,USE,Bulk press photographs; verify content and rights before wiring any single one,640,480,58698,2006:11:26 09:41:15,151.7,
/Volumes/AM ARFF/PICS MASTER/aircraft accidents/ACIDENTS DURBAN/small aircraft accident dia/DSC00802 (Small).JPG,/Volumes/AM ARFF/PICS MASTER/aircraft accidents/ACIDENTS DURBAN/small aircraft accident dia/ART20-CONTINGENCY-accident-138.jpg,PICS MASTER/aircraft accidents,ART20-CONTINGENCY,USE,Bulk press photographs; verify content and rights before wiring any single one,640,480,67540,2006:11:26 09:53:05,136.3,
/Volumes/AM ARFF/PICS MASTER/aircraft accidents/ACIDENTS DURBAN/small aircraft accident dia/DSC00806 (Small).JPG,/Volumes/AM ARFF/PICS MASTER/aircraft accidents/ACIDENTS DURBAN/small aircraft accident dia/ART20-CONTINGENCY-accident-139.jpg,PICS MASTER/aircraft accidents,ART20-CONTINGENCY,USE,Bulk press photographs; verify content and rights before wiring any single one,640,480,86135,2006:11:26 09:59:44,123.8,
/Volumes/AM ARFF/PICS MASTER/aircraft accidents/ACIDENTS DURBAN/small aircraft accident dia/DSC00807 (Small).JPG,/Volumes/AM ARFF/PICS MASTER/aircraft accidents/ACIDENTS DURBAN/small aircraft accident dia/ART20-CONTINGENCY-accident-140.jpg,PICS MASTER/aircraft accidents,ART20-CONTINGENCY,USE,Bulk press photographs; verify content and rights before wiring any single one,640,480,79902,2006:11:26 09:59:51,140.8,
/Volumes/AM ARFF/PICS MASTER/aircraft accidents/ACIDENTS DURBAN/small aircraft accident dia/DSC00808 (Small).JPG,/Volumes/AM ARFF/PICS MASTER/aircraft accidents/ACIDENTS DURBAN/small aircraft accident dia/ART20-CONTINGENCY-accident-141.jpg,PICS MASTER/aircraft accidents,ART20-CONTINGENCY,USE,Bulk press photographs; verify content and rights before wiring any single one,640,480,80722,2006:11:26 10:00:22,126.6,
/Volumes/AM ARFF/PICS MASTER/aircraft accidents/ACIDENTS DURBAN/small aircraft accident dia/DSC00809 (Small).JPG,/Volumes/AM ARFF/PICS MASTER/aircraft accidents/ACIDENTS DURBAN/small aircraft accident dia/ART20-CONTINGENCY-accident-142.jpg,PICS MASTER/aircraft accidents,ART20-CONTINGENCY,USE,Bulk press photographs; verify content and rights before wiring any single one,640,480,87302,2006:11:26 10:00:27,121.6,
/Volumes/AM ARFF/PICS MASTER/aircraft accidents/ACIDENTS DURBAN/small aircraft accident dia/DSC00810 (Small).JPG,/Volumes/AM ARFF/PICS MASTER/aircraft accidents/ACIDENTS DURBAN/small aircraft accident dia/ART20-CONTINGENCY-accident-143.jpg,PICS MASTER/aircraft accidents,ART20-CONTINGENCY,USE,Bulk press photographs; verify content and rights before wiring any single one,640,480,81360,2006:11:26 10:00:35,136.7,
/Volumes/AM ARFF/PICS MASTER/aircraft accidents/Air-pict09.jpg,/Volumes/AM ARFF/PICS MASTER/aircraft accidents/ART20-CONTINGENCY-accident-144.jpg,PICS MASTER/aircraft accidents,ART20-CONTINGENCY,USE,Bulk press photographs; verify content and rights before wiring any single one,640,479,45416,,164.7,
/Volumes/AM ARFF/PICS MASTER/aircraft accidents/AlohaAir.jpg,/Volumes/AM ARFF/PICS MASTER/aircraft accidents/ART20-CONTINGENCY-accident-145.jpg,PICS MASTER/aircraft accidents,ART20-CONTINGENCY,USE,Bulk press photographs; verify content and rights before wiring any single one,658,390,53567,,102.2,
/Volumes/AM ARFF/PICS MASTER/aircraft accidents/B-52crash1.jpg,/Volumes/AM ARFF/PICS MASTER/aircraft accidents/ART20-CONTINGENCY-accident-146.jpg,PICS MASTER/aircraft accidents,ART20-CONTINGENCY,USE,Bulk press photographs; verify content and rights before wiring any single one,609,552,38466,,198.9,
/Volumes/AM ARFF/PICS MASTER/aircraft accidents/B-52crash2.jpg,/Volumes/AM ARFF/PICS MASTER/aircraft accidents/ART20-CONTINGENCY-accident-147.jpg,PICS MASTER/aircraft accidents,ART20-CONTINGENCY,USE,Bulk press photographs; verify content and rights before wiring any single one,693,546,48207,,185.3,
/Volumes/AM ARFF/PICS MASTER/aircraft accidents/B26-flak.jpg,/Volumes/AM ARFF/PICS MASTER/aircraft accidents/ART20-CONTINGENCY-accident-148.jpg,PICS MASTER/aircraft accidents,ART20-CONTINGENCY,USE,Bulk press photographs; verify content and rights before wiring any single one,640,740,24202,,132.2,
/Volumes/AM ARFF/PICS MASTER/aircraft accidents/B727%20toast.jpg,/Volumes/AM ARFF/PICS MASTER/aircraft accidents/ART20-CONTINGENCY-accident-149.jpg,PICS MASTER/aircraft accidents,ART20-CONTINGENCY,USE,Bulk press photographs; verify content and rights before wiring any single one,500,335,122873,,166.0,
/Volumes/AM ARFF/PICS MASTER/aircraft accidents/B737%20swim.jpg,/Volumes/AM ARFF/PICS MASTER/aircraft accidents/ART20-CONTINGENCY-accident-150.jpg,PICS MASTER/aircraft accidents,ART20-CONTINGENCY,USE,Bulk press photographs; verify content and rights before wiring any single one,500,334,43640,,124.3,
/Volumes/AM ARFF/PICS MASTER/aircraft accidents/BA 777/ba777 (1).jpg,/Volumes/AM ARFF/PICS MASTER/aircraft accidents/BA 777/ART20-CONTINGENCY-accident-151.jpg,PICS MASTER/aircraft accidents,ART20-CONTINGENCY,USE,Bulk press photographs; verify content and rights before wiring any single one,800,543,60796,,179.9,
/Volumes/AM ARFF/PICS MASTER/aircraft accidents/BA 777/ba777 (2).jpg,/Volumes/AM ARFF/PICS MASTER/aircraft accidents/BA 777/ART20-CONTINGENCY-accident-152.jpg,PICS MASTER/aircraft accidents,ART20-CONTINGENCY,USE,Bulk press photographs; verify content and rights before wiring any single one,800,492,57399,,177.6,
/Volumes/AM ARFF/PICS MASTER/aircraft accidents/BA 777/ba777.jpg,/Volumes/AM ARFF/PICS MASTER/aircraft accidents/BA 777/ART20-CONTINGENCY-accident-153.jpg,PICS MASTER/aircraft accidents,ART20-CONTINGENCY,USE,Bulk press photographs; verify content and rights before wiring any single one,800,512,77309,,164.1,
/Volumes/AM ARFF/PICS MASTER/aircraft accidents/BAD WEATHER LANDING ACC THAI A310.jpg,/Volumes/AM ARFF/PICS MASTER/aircraft accidents/ART20-CONTINGENCY-accident-154.jpg,PICS MASTER/aircraft accidents,ART20-CONTINGENCY,USE,Bulk press photographs; verify content and rights before wiring any single one,400,260,28002,,90.4,
/Volumes/AM ARFF/PICS MASTER/aircraft accidents/BK.jpg,/Volumes/AM ARFF/PICS MASTER/aircraft accidents/ART20-CONTINGENCY-accident-155.jpg,PICS MASTER/aircraft accidents,ART20-CONTINGENCY,USE,Bulk press photographs; verify content and rights before wiring any single one,600,447,39124,,49.1,
/Volumes/AM ARFF/PICS MASTER/aircraft accidents/Bush_Baron.jpg,/Volumes/AM ARFF/PICS MASTER/aircraft accidents/ART20-CONTINGENCY-accident-156.jpg,PICS MASTER/aircraft accidents,ART20-CONTINGENCY,USE,Bulk press photographs; verify content and rights before wiring any single one,700,424,130126,,139.9,
/Volumes/AM ARFF/PICS MASTER/aircraft accidents/Bush_Mooney.jpg,/Volumes/AM ARFF/PICS MASTER/aircraft accidents/ART20-CONTINGENCY-accident-157.jpg,PICS MASTER/aircraft accidents,ART20-CONTINGENCY,USE,Bulk press photographs; verify content and rights before wiring any single one,640,480,120025,,94.3,
/Volumes/AM ARFF/PICS MASTER/aircraft accidents/C-130%20gear%20fail.jpg,/Volumes/AM ARFF/PICS MASTER/aircraft accidents/ART20-CONTINGENCY-accident-158.jpg,PICS MASTER/aircraft accidents,ART20-CONTINGENCY,USE,Bulk press photographs; verify content and rights before wiring any single one,436,208,22137,,119.6,
/Volumes/AM ARFF/PICS MASTER/aircraft accidents/C90-1.jpg,/Volumes/AM ARFF/PICS MASTER/aircraft accidents/ART20-CONTINGENCY-accident-159.jpg,PICS MASTER/aircraft accidents,ART20-CONTINGENCY,USE,Bulk press photographs; verify content and rights before wiring any single one,1024,566,93072,,114.4,
/Volumes/AM ARFF/PICS MASTER/aircraft accidents/C90-2.jpg,/Volumes/AM ARFF/PICS MASTER/aircraft accidents/ART20-CONTINGENCY-accident-160.jpg,PICS MASTER/aircraft accidents,ART20-CONTINGENCY,USE,Bulk press photographs; verify content and rights before wiring any single one,1024,772,143269,,108.3,
/Volumes/AM ARFF/PICS MASTER/aircraft accidents/Canadair%20Challanger%20600-1.jpg,/Volumes/AM ARFF/PICS MASTER/aircraft accidents/ART20-CONTINGENCY-accident-161.jpg,PICS MASTER/aircraft accidents,ART20-CONTINGENCY,USE,Bulk press photographs; verify content and rights before wiring any single one,307,468,38406,,138.3,
/Volumes/AM ARFF/PICS MASTER/aircraft accidents/Canadair%20Challanger%20600-2.jpg,/Volumes/AM ARFF/PICS MASTER/aircraft accidents/ART20-CONTINGENCY-accident-162.jpg,PICS MASTER/aircraft accidents,ART20-CONTINGENCY,USE,Bulk press photographs; verify content and rights before wiring any single one,450,302,36437,,115.3,
/Volumes/AM ARFF/PICS MASTER/aircraft accidents/Canadair%20Challanger%20600-3.jpg,/Volumes/AM ARFF/PICS MASTER/aircraft accidents/ART20-CONTINGENCY-accident-163.jpg,PICS MASTER/aircraft accidents,ART20-CONTINGENCY,USE,Bulk press photographs; verify content and rights before wiring any single one,388,450,46429,,132.2,
/Volumes/AM ARFF/PICS MASTER/aircraft accidents/Cessna%20Into%20House.jpg,/Volumes/AM ARFF/PICS MASTER/aircraft accidents/ART20-CONTINGENCY-accident-164.jpg,PICS MASTER/aircraft accidents,ART20-CONTINGENCY,USE,Bulk press photographs; verify content and rights before wiring any single one,420,320,34288,,111.5,
/Volumes/AM ARFF/PICS MASTER/aircraft accidents/CessnaTakes%20Swim.jpg,/Volumes/AM ARFF/PICS MASTER/aircraft accidents/ART20-CONTINGENCY-accident-165.jpg,PICS MASTER/aircraft accidents,ART20-CONTINGENCY,USE,Bulk press photographs; verify content and rights before wiring any single one,650,487,71568,,107.5,
/Volumes/AM ARFF/PICS MASTER/aircraft accidents/China Air 2.jpg,/Volumes/AM ARFF/PICS MASTER/aircraft accidents/ART20-CONTINGENCY-accident-166.jpg,PICS MASTER/aircraft accidents,ART20-CONTINGENCY,USE,Bulk press photographs; verify content and rights before wiring any single one,640,480,40965,,133.5,
/Volumes/AM ARFF/PICS MASTER/aircraft accidents/China Air 3.jpg,/Volumes/AM ARFF/PICS MASTER/aircraft accidents/ART20-CONTINGENCY-accident-167.jpg,PICS MASTER/aircraft accidents,ART20-CONTINGENCY,USE,Bulk press photographs; verify content and rights before wiring any single one,640,480,49973,,95.1,
/Volumes/AM ARFF/PICS MASTER/aircraft accidents/China Air 4.jpg,/Volumes/AM ARFF/PICS MASTER/aircraft accidents/ART20-CONTINGENCY-accident-168.jpg,PICS MASTER/aircraft accidents,ART20-CONTINGENCY,USE,Bulk press photographs; verify content and rights before wiring any single one,640,480,55064,,131.9,
/Volumes/AM ARFF/PICS MASTER/aircraft accidents/China Air 5.jpg,/Volumes/AM ARFF/PICS MASTER/aircraft accidents/ART20-CONTINGENCY-accident-169.jpg,PICS MASTER/aircraft accidents,ART20-CONTINGENCY,USE,Bulk press photographs; verify content and rights before wiring any single one,640,480,50606,,139.3,
/Volumes/AM ARFF/PICS MASTER/aircraft accidents/China Air 6.jpg,/Volumes/AM ARFF/PICS MASTER/aircraft accidents/ART20-CONTINGENCY-accident-170.jpg,PICS MASTER/aircraft accidents,ART20-CONTINGENCY,USE,Bulk press photographs; verify content and rights before wiring any single one,640,480,45988,,132.7,
/Volumes/AM ARFF/PICS MASTER/aircraft accidents/China Air 7.jpg,/Volumes/AM ARFF/PICS MASTER/aircraft accidents/ART20-CONTINGENCY-accident-171.jpg,PICS MASTER/aircraft accidents,ART20-CONTINGENCY,USE,Bulk press photographs; verify content and rights before wiring any single one,640,480,42309,,139.9,
/Volumes/AM ARFF/PICS MASTER/aircraft accidents/China Air 8.jpg,/Volumes/AM ARFF/PICS MASTER/aircraft accidents/ART20-CONTINGENCY-accident-172.jpg,PICS MASTER/aircraft accidents,ART20-CONTINGENCY,USE,Bulk press photographs; verify content and rights before wiring any single one,640,480,32877,,161.5,
/Volumes/AM ARFF/PICS MASTER/aircraft accidents/Commuter%20Demo%20crash.jpg,/Volumes/AM ARFF/PICS MASTER/aircraft accidents/ART20-CONTINGENCY-accident-173.jpg,PICS MASTER/aircraft accidents,ART20-CONTINGENCY,USE,Bulk press photographs; verify content and rights before wiring any single one,800,517,41744,,133.9,
/Volumes/AM ARFF/PICS MASTER/aircraft accidents/Concorde1.jpg,/Volumes/AM ARFF/PICS MASTER/aircraft accidents/ART20-CONTINGENCY-accident-174.jpg,PICS MASTER/aircraft accidents,ART20-CONTINGENCY,USE,Bulk press photographs; verify content and rights before wiring any single one,425,301,26486,,126.7,
/Volumes/AM ARFF/PICS MASTER/aircraft accidents/Concorde2.jpg,/Volumes/AM ARFF/PICS MASTER/aircraft accidents/ART20-CONTINGENCY-accident-175.jpg,PICS MASTER/aircraft accidents,ART20-CONTINGENCY,USE,Bulk press photographs; verify content and rights before wiring any single one,300,395,21305,,133.8,
/Volumes/AM ARFF/PICS MASTER/aircraft accidents/Concorde3.jpg,/Volumes/AM ARFF/PICS MASTER/aircraft accidents/ART20-CONTINGENCY-accident-176.jpg,PICS MASTER/aircraft accidents,ART20-CONTINGENCY,USE,Bulk press photographs; verify content and rights before wiring any single one,450,290,25159,,155.5,
/Volumes/AM ARFF/PICS MASTER/aircraft accidents/Concorde4.jpg,/Volumes/AM ARFF/PICS MASTER/aircraft accidents/ART20-CONTINGENCY-accident-177.jpg,PICS MASTER/aircraft accidents,ART20-CONTINGENCY,USE,Bulk press photographs; verify content and rights before wiring any single one,352,365,30855,,113.1,
/Volumes/AM ARFF/PICS MASTER/aircraft accidents/Concorde5.jpg,/Volumes/AM ARFF/PICS MASTER/aircraft accidents/ART20-CONTINGENCY-accident-178.jpg,PICS MASTER/aircraft accidents,ART20-CONTINGENCY,USE,Bulk press photographs; verify content and rights before wiring any single one,800,540,54792,,116.6,
/Volumes/AM ARFF/PICS MASTER/aircraft accidents/Concorde6.jpg,/Volumes/AM ARFF/PICS MASTER/aircraft accidents/ART20-CONTINGENCY-accident-179.jpg,PICS MASTER/aircraft accidents,ART20-CONTINGENCY,USE,Bulk press photographs; verify content and rights before wiring any single one,420,279,37834,,121.3,
/Volumes/AM ARFF/PICS MASTER/aircraft accidents/Concorde7.jpg,/Volumes/AM ARFF/PICS MASTER/aircraft accidents/ART20-CONTINGENCY-accident-180.jpg,PICS MASTER/aircraft accidents,ART20-CONTINGENCY,USE,Bulk press photographs; verify content and rights before wiring any single one,425,213,35808,,102.8,
/Volumes/AM ARFF/PICS MASTER/aircraft accidents/Copy of KLM B737 PUSHBACK ACCIDENT.jpg,/Volumes/AM ARFF/PICS MASTER/aircraft accidents/ART20-CONTINGENCY-accident-181.jpg,PICS MASTER/aircraft accidents,ART20-CONTINGENCY,USE,Bulk press photographs; verify content and rights before wiring any single one,800,619,110815,2006:09:06 16:38:18,140.2,
/Volumes/AM ARFF/PICS MASTER/aircraft accidents/DC-10toast.jpg,/Volumes/AM ARFF/PICS MASTER/aircraft accidents/ART20-CONTINGENCY-accident-182.jpg,PICS MASTER/aircraft accidents,ART20-CONTINGENCY,USE,Bulk press photographs; verify content and rights before wiring any single one,500,226,44753,,113.2,
/Volumes/AM ARFF/PICS MASTER/aircraft accidents/DC-8 IMG-002.jpg,/Volumes/AM ARFF/PICS MASTER/aircraft accidents/ART20-CONTINGENCY-accident-183.jpg,PICS MASTER/aircraft accidents,ART20-CONTINGENCY,USE,Bulk press photographs; verify content and rights before wiring any single one,640,480,53934,2006:02:08 12:03:57,136.4,
/Volumes/AM ARFF/PICS MASTER/aircraft accidents/DC-8 IMG-003.jpg,/Volumes/AM ARFF/PICS MASTER/aircraft accidents/ART20-CONTINGENCY-accident-184.jpg,PICS MASTER/aircraft accidents,ART20-CONTINGENCY,USE,Bulk press photographs; verify content and rights before wiring any single one,640,480,50673,2006:02:08 12:04:03,123.0,
/Volumes/AM ARFF/PICS MASTER/aircraft accidents/DC-8 IMG-004.jpg,/Volumes/AM ARFF/PICS MASTER/aircraft accidents/ART20-CONTINGENCY-accident-185.jpg,PICS MASTER/aircraft accidents,ART20-CONTINGENCY,USE,Bulk press photographs; verify content and rights before wiring any single one,640,480,49113,2006:02:08 12:04:43,125.9,
/Volumes/AM ARFF/PICS MASTER/aircraft accidents/DC-8 IMG-010.jpg,/Volumes/AM ARFF/PICS MASTER/aircraft accidents/ART20-CONTINGENCY-accident-186.jpg,PICS MASTER/aircraft accidents,ART20-CONTINGENCY,USE,Bulk press photographs; verify content and rights before wiring any single one,640,480,87648,2006:02:08 12:17:11,119.9,
/Volumes/AM ARFF/PICS MASTER/aircraft accidents/DC-8 IMG-015.jpg,/Volumes/AM ARFF/PICS MASTER/aircraft accidents/ART20-CONTINGENCY-accident-187.jpg,PICS MASTER/aircraft accidents,ART20-CONTINGENCY,USE,Bulk press photographs; verify content and rights before wiring any single one,640,480,80900,2006:02:08 12:19:36,129.2,
/Volumes/AM ARFF/PICS MASTER/aircraft accidents/DC-8 IMG-019.jpg,/Volumes/AM ARFF/PICS MASTER/aircraft accidents/ART20-CONTINGENCY-accident-188.jpg,PICS MASTER/aircraft accidents,ART20-CONTINGENCY,USE,Bulk press photographs; verify content and rights before wiring any single one,640,480,35413,2006:02:08 12:23:50,117.0,
/Volumes/AM ARFF/PICS MASTER/aircraft accidents/Don'tLook.jpg,/Volumes/AM ARFF/PICS MASTER/aircraft accidents/ART20-CONTINGENCY-accident-189.jpg,PICS MASTER/aircraft accidents,ART20-CONTINGENCY,USE,Bulk press photographs; verify content and rights before wiring any single one,800,466,75201,,136.9,
/Volumes/AM ARFF/PICS MASTER/aircraft accidents/ENGINE DAMAGE/IL76 Engine - Belts.jpg,/Volumes/AM ARFF/PICS MASTER/aircraft accidents/ENGINE DAMAGE/ART20-CONTINGENCY-accident-190.jpg,PICS MASTER/aircraft accidents,ART20-CONTINGENCY,USE,Bulk press photographs; verify content and rights before wiring any single one,500,375,58055,,121.1,
/Volumes/AM ARFF/PICS MASTER/aircraft accidents/ENGINE DAMAGE/IL76 Engine - Damage 2-1.jpg,/Volumes/AM ARFF/PICS MASTER/aircraft accidents/ENGINE DAMAGE/ART20-CONTINGENCY-accident-191.jpg,PICS MASTER/aircraft accidents,ART20-CONTINGENCY,USE,Bulk press photographs; verify content and rights before wiring any single one,640,480,68510,,139.1,
/Volumes/AM ARFF/PICS MASTER/aircraft accidents/ENGINE DAMAGE/IL76 Engine - Damage 2.jpg,/Volumes/AM ARFF/PICS MASTER/aircraft accidents/ENGINE DAMAGE/ART20-CONTINGENCY-accident-192-dup2.jpg,PICS MASTER/aircraft accidents,ART20-CONTINGENCY,USE,Bulk press photographs; verify content and rights before wiring any single one,640,480,68510,,139.1,yes
/Volumes/AM ARFF/PICS MASTER/aircraft accidents/ENGINE DAMAGE/IL76 Engine - Damage-1.jpg,/Volumes/AM ARFF/PICS MASTER/aircraft accidents/ENGINE DAMAGE/ART20-CONTINGENCY-accident-193.jpg,PICS MASTER/aircraft accidents,ART20-CONTINGENCY,USE,Bulk press photographs; verify content and rights before wiring any single one,640,480,85082,,123.3,
/Volumes/AM ARFF/PICS MASTER/aircraft accidents/ENGINE DAMAGE/IL76 Engine - Damage.jpg,/Volumes/AM ARFF/PICS MASTER/aircraft accidents/ENGINE DAMAGE/ART20-CONTINGENCY-accident-194-dup2.jpg,PICS MASTER/aircraft accidents,ART20-CONTINGENCY,USE,Bulk press photographs; verify content and rights before wiring any single one,640,480,85082,,123.3,yes
/Volumes/AM ARFF/PICS MASTER/aircraft accidents/ENGINE DAMAGE/tug aircraft damage (1).jpg,/Volumes/AM ARFF/PICS MASTER/aircraft accidents/ENGINE DAMAGE/ART20-CONTINGENCY-accident-195-dup2.jpg,PICS MASTER/aircraft accidents,ART20-CONTINGENCY,USE,Bulk press photographs; verify content and rights before wiring any single one,500,375,58055,,121.1,yes
/Volumes/AM ARFF/PICS MASTER/aircraft accidents/F-16%20over.jpg,/Volumes/AM ARFF/PICS MASTER/aircraft accidents/ART20-CONTINGENCY-accident-196.jpg,PICS MASTER/aircraft accidents,ART20-CONTINGENCY,USE,Bulk press photographs; verify content and rights before wiring any single one,800,546,62001,,140.0,
/Volumes/AM ARFF/PICS MASTER/aircraft accidents/F16crash1.jpg,/Volumes/AM ARFF/PICS MASTER/aircraft accidents/ART20-CONTINGENCY-accident-197.jpg,PICS MASTER/aircraft accidents,ART20-CONTINGENCY,USE,Bulk press photographs; verify content and rights before wiring any single one,482,238,14586,,159.7,
/Volumes/AM ARFF/PICS MASTER/aircraft accidents/F16crash2.jpg,/Volumes/AM ARFF/PICS MASTER/aircraft accidents/ART20-CONTINGENCY-accident-198.jpg,PICS MASTER/aircraft accidents,ART20-CONTINGENCY,USE,Bulk press photographs; verify content and rights before wiring any single one,500,254,18941,,135.7,
/Volumes/AM ARFF/PICS MASTER/aircraft accidents/FUEL LEAK 02.jpg,/Volumes/AM ARFF/PICS MASTER/aircraft accidents/ART20-CONTINGENCY-accident-199.jpg,PICS MASTER/aircraft accidents,ART20-CONTINGENCY,USE,Bulk press photographs; verify content and rights before wiring any single one,1750,1206,174225,,149.6,
/Volumes/AM ARFF/PICS MASTER/aircraft accidents/Fill-er-up.jpg,/Volumes/AM ARFF/PICS MASTER/aircraft accidents/ART20-CONTINGENCY-accident-200.jpg,PICS MASTER/aircraft accidents,ART20-CONTINGENCY,USE,Bulk press photographs; verify content and rights before wiring any single one,555,373,18797,,58.8,
/Volumes/AM ARFF/PICS MASTER/aircraft accidents/Fill-er-up2.jpg,/Volumes/AM ARFF/PICS MASTER/aircraft accidents/ART20-CONTINGENCY-accident-201.jpg,PICS MASTER/aircraft accidents,ART20-CONTINGENCY,USE,Bulk press photographs; verify content and rights before wiring any single one,398,356,30440,,99.8,
/Volumes/AM ARFF/PICS MASTER/aircraft accidents/G09084EDA85C9496692D9A677292940CC.jpg,/Volumes/AM ARFF/PICS MASTER/aircraft accidents/ART20-CONTINGENCY-accident-202.jpg,PICS MASTER/aircraft accidents,ART20-CONTINGENCY,USE,Bulk press photographs; verify content and rights before wiring any single one,290,290,31426,,51.9,
/Volumes/AM ARFF/PICS MASTER/aircraft accidents/GB7C97542753F47C8831E4A96D5BDEE8C.jpg,/Volumes/AM ARFF/PICS MASTER/aircraft accidents/ART20-CONTINGENCY-accident-203.jpg,PICS MASTER/aircraft accidents,ART20-CONTINGENCY,USE,Bulk press photographs; verify content and rights before wiring any single one,290,290,24374,,114.2,
/Volumes/AM ARFF/PICS MASTER/aircraft accidents/GC48A1B2119D74CA5BD4DD5D6433421D3.jpg,/Volumes/AM ARFF/PICS MASTER/aircraft accidents/ART20-CONTINGENCY-accident-204.jpg,PICS MASTER/aircraft accidents,ART20-CONTINGENCY,USE,Bulk press photographs; verify content and rights before wiring any single one,290,290,28458,,64.1,
/Volumes/AM ARFF/PICS MASTER/aircraft accidents/GFFC29F0386B24353B5C01AA2E68C4C1F.jpg,/Volumes/AM ARFF/PICS MASTER/aircraft accidents/ART20-CONTINGENCY-accident-205.jpg,PICS MASTER/aircraft accidents,ART20-CONTINGENCY,USE,Bulk press photographs; verify content and rights before wiring any single one,290,290,9937,,77.7,
/Volumes/AM ARFF/PICS MASTER/aircraft accidents/HUDSON RIVER/0115091619_M_011509_plane05.jpg,/Volumes/AM ARFF/PICS MASTER/aircraft accidents/HUDSON RIVER/ART20-CONTINGENCY-accident-206.jpg,PICS MASTER/aircraft accidents,ART20-CONTINGENCY,USE,Bulk press photographs; verify content and rights before wiring any single one,450,350,20857,,121.1,
/Volumes/AM ARFF/PICS MASTER/aircraft accidents/HUDSON RIVER/0115091636_M_011509_plane09.jpg,/Volumes/AM ARFF/PICS MASTER/aircraft accidents/HUDSON RIVER/ART20-CONTINGENCY-accident-207.jpg,PICS MASTER/aircraft accidents,ART20-CONTINGENCY,USE,Bulk press photographs; verify content and rights before wiring any single one,450,350,26372,,155.3,
/Volumes/AM ARFF/PICS MASTER/aircraft accidents/HUDSON RIVER/0115091703_M_011509_plane13.jpg,/Volumes/AM ARFF/PICS MASTER/aircraft accidents/HUDSON RIVER/ART20-CONTINGENCY-accident-208.jpg,PICS MASTER/aircraft accidents,ART20-CONTINGENCY,USE,Bulk press photographs; verify content and rights before wiring any single one,450,350,25304,,158.3,
/Volumes/AM ARFF/PICS MASTER/aircraft accidents/HUDSON RIVER/0115091703_M_011509_plane14.jpg,/Volumes/AM ARFF/PICS MASTER/aircraft accidents/HUDSON RIVER/ART20-CONTINGENCY-accident-209.jpg,PICS MASTER/aircraft accidents,ART20-CONTINGENCY,USE,Bulk press photographs; verify content and rights before wiring any single one,450,350,29685,,169.3,
/Volumes/AM ARFF/PICS MASTER/aircraft accidents/HUDSON RIVER/0115091725_M_011509_plane16.jpg,/Volumes/AM ARFF/PICS MASTER/aircraft accidents/HUDSON RIVER/ART20-CONTINGENCY-accident-210.jpg,PICS MASTER/aircraft accidents,ART20-CONTINGENCY,USE,Bulk press photographs; verify content and rights before wiring any single one,450,350,15577,,110.7,
/Volumes/AM ARFF/PICS MASTER/aircraft accidents/HUDSON RIVER/0115092249_M_1450.jpg,/Volumes/AM ARFF/PICS MASTER/aircraft accidents/HUDSON RIVER/ART20-CONTINGENCY-accident-211.jpg,PICS MASTER/aircraft accidents,ART20-CONTINGENCY,USE,Bulk press photographs; verify content and rights before wiring any single one,350,450,40367,,153.3,
/Volumes/AM ARFF/PICS MASTER/aircraft accidents/HUDSON RIVER/0115092249_M_2450.jpg,/Volumes/AM ARFF/PICS MASTER/aircraft accidents/HUDSON RIVER/ART20-CONTINGENCY-accident-212.jpg,PICS MASTER/aircraft accidents,ART20-CONTINGENCY,USE,Bulk press photographs; verify content and rights before wiring any single one,350,450,39145,,125.7,
/Volumes/AM ARFF/PICS MASTER/aircraft accidents/HUDSON RIVER/0115092249_M_33.jpg,/Volumes/AM ARFF/PICS MASTER/aircraft accidents/HUDSON RIVER/ART20-CONTINGENCY-accident-213.jpg,PICS MASTER/aircraft accidents,ART20-CONTINGENCY,USE,Bulk press photographs; verify content and rights before wiring any single one,450,350,45009,,103.9,
/Volumes/AM ARFF/PICS MASTER/aircraft accidents/HUDSON RIVER/0115092249_M_43.jpg,/Volumes/AM ARFF/PICS MASTER/aircraft accidents/HUDSON RIVER/ART20-CONTINGENCY-accident-214.jpg,PICS MASTER/aircraft accidents,ART20-CONTINGENCY,USE,Bulk press photographs; verify content and rights before wiring any single one,450,350,41665,,76.1,
/Volumes/AM ARFF/PICS MASTER/aircraft accidents/HUDSON RIVER/0115092249_M_44.jpg,/Volumes/AM ARFF/PICS MASTER/aircraft accidents/HUDSON RIVER/ART20-CONTINGENCY-accident-215.jpg,PICS MASTER/aircraft accidents,ART20-CONTINGENCY,USE,Bulk press photographs; verify content and rights before wiring any single one,450,350,30348,,88.9,
/Volumes/AM ARFF/PICS MASTER/aircraft accidents/HUDSON RIVER/0115092249_M_66.jpg,/Volumes/AM ARFF/PICS MASTER/aircraft accidents/HUDSON RIVER/ART20-CONTINGENCY-accident-216.jpg,PICS MASTER/aircraft accidents,ART20-CONTINGENCY,USE,Bulk press photographs; verify content and rights before wiring any single one,450,350,35078,,95.6,
/Volumes/AM ARFF/PICS MASTER/aircraft accidents/HUDSON RIVER/0115092249_M_88.jpg,/Volumes/AM ARFF/PICS MASTER/aircraft accidents/HUDSON RIVER/ART20-CONTINGENCY-accident-217.jpg,PICS MASTER/aircraft accidents,ART20-CONTINGENCY,USE,Bulk press photographs; verify content and rights before wiring any single one,450,350,37479,,129.1,
/Volumes/AM ARFF/PICS MASTER/aircraft accidents/HUDSON RIVER/0115092249_M_rescue.jpg,/Volumes/AM ARFF/PICS MASTER/aircraft accidents/HUDSON RIVER/ART20-CONTINGENCY-accident-218.jpg,PICS MASTER/aircraft accidents,ART20-CONTINGENCY,USE,Bulk press photographs; verify content and rights before wiring any single one,450,350,48310,,146.1,
/Volumes/AM ARFF/PICS MASTER/aircraft accidents/HUDSON RIVER/0116091422_T_011609_plane_river.jpg,/Volumes/AM ARFF/PICS MASTER/aircraft accidents/HUDSON RIVER/ART20-CONTINGENCY-accident-219.jpg,PICS MASTER/aircraft accidents,ART20-CONTINGENCY,USE,Bulk press photographs; verify content and rights before wiring any single one,50,50,2261,,91.2,
/Volumes/AM ARFF/PICS MASTER/aircraft accidents/HUDSON RIVER/0117091121_M_011709_crashvideo.jpg,/Volumes/AM ARFF/PICS MASTER/aircraft accidents/HUDSON RIVER/ART20-CONTINGENCY-accident-220.jpg,PICS MASTER/aircraft accidents,ART20-CONTINGENCY,USE,Bulk press photographs; verify content and rights before wiring any single one,450,350,125798,2009:01:17 11:04:16,154.4,
/Volumes/AM ARFF/PICS MASTER/aircraft accidents/HUDSON RIVER/0118090040_M_011809_plane3_450.jpg,/Volumes/AM ARFF/PICS MASTER/aircraft accidents/HUDSON RIVER/ART20-CONTINGENCY-accident-221.jpg,PICS MASTER/aircraft accidents,ART20-CONTINGENCY,USE,Bulk press photographs; verify content and rights before wiring any single one,450,350,45616,,83.2,
/Volumes/AM ARFF/PICS MASTER/aircraft accidents/HUDSON RIVER/0118090040_M_011809_plane_450.jpg,/Volumes/AM ARFF/PICS MASTER/aircraft accidents/HUDSON RIVER/ART20-CONTINGENCY-accident-222.jpg,PICS MASTER/aircraft accidents,ART20-CONTINGENCY,USE,Bulk press photographs; verify content and rights before wiring any single one,450,350,48640,,46.3,
/Volumes/AM ARFF/PICS MASTER/aircraft accidents/MD-11-toast.jpg,/Volumes/AM ARFF/PICS MASTER/aircraft accidents/ART20-CONTINGENCY-accident-223.jpg,PICS MASTER/aircraft accidents,ART20-CONTINGENCY,USE,Bulk press photographs; verify content and rights before wiring any single one,428,281,45154,,168.2,
/Volumes/AM ARFF/PICS MASTER/aircraft accidents/MD-11-toast1.jpg,/Volumes/AM ARFF/PICS MASTER/aircraft accidents/ART20-CONTINGENCY-accident-224.jpg,PICS MASTER/aircraft accidents,ART20-CONTINGENCY,USE,Bulk press photographs; verify content and rights before wiring any single one,427,282,46762,,148.4,
/Volumes/AM ARFF/PICS MASTER/aircraft accidents/MyAviationNetPhotoID00031975.jpg,/Volumes/AM ARFF/PICS MASTER/aircraft accidents/ART20-CONTINGENCY-accident-225.jpg,PICS MASTER/aircraft accidents,ART20-CONTINGENCY,USE,Bulk press photographs; verify content and rights before wiring any single one,1587,1199,166069,,144.3,
/Volumes/AM ARFF/PICS MASTER/aircraft accidents/MyAviationNetPhotoID00218142.jpg,/Volumes/AM ARFF/PICS MASTER/aircraft accidents/ART20-CONTINGENCY-accident-226.jpg,PICS MASTER/aircraft accidents,ART20-CONTINGENCY,USE,Bulk press photographs; verify content and rights before wiring any single one,1024,768,286702,,137.7,
/Volumes/AM ARFF/PICS MASTER/aircraft accidents/MyAviationNetPhotoID00244134.jpg,/Volumes/AM ARFF/PICS MASTER/aircraft accidents/ART20-CONTINGENCY-accident-227.jpg,PICS MASTER/aircraft accidents,ART20-CONTINGENCY,USE,Bulk press photographs; verify content and rights before wiring any single one,1024,684,150839,,113.6,
/Volumes/AM ARFF/PICS MASTER/aircraft accidents/New Folder/0220882.jpg,/Volumes/AM ARFF/PICS MASTER/aircraft accidents/New Folder/ART20-CONTINGENCY-accident-228-dup3.jpg,PICS MASTER/aircraft accidents,ART20-CONTINGENCY,USE,Bulk press photographs; verify content and rights before wiring any single one,962,780,190931,,117.1,yes
/Volumes/AM ARFF/PICS MASTER/aircraft accidents/New Folder/0347818.jpg,/Volumes/AM ARFF/PICS MASTER/aircraft accidents/New Folder/ART20-CONTINGENCY-accident-229-dup2.jpg,PICS MASTER/aircraft accidents,ART20-CONTINGENCY,USE,Bulk press photographs; verify content and rights before wiring any single one,640,426,73922,2003:05:09 21:57:04,114.5,yes
/Volumes/AM ARFF/PICS MASTER/aircraft accidents/New Folder/0827869.jpg,/Volumes/AM ARFF/PICS MASTER/aircraft accidents/New Folder/ART20-CONTINGENCY-accident-230-dup2.jpg,PICS MASTER/aircraft accidents,ART20-CONTINGENCY,USE,Bulk press photographs; verify content and rights before wiring any single one,1024,686,253638,,144.9,yes
/Volumes/AM ARFF/PICS MASTER/aircraft accidents/New Folder/1059746.jpg,/Volumes/AM ARFF/PICS MASTER/aircraft accidents/New Folder/ART20-CONTINGENCY-accident-231-dup3.jpg,PICS MASTER/aircraft accidents,ART20-CONTINGENCY,USE,Bulk press photographs; verify content and rights before wiring any single one,1080,769,244112,,146.7,yes
/Volumes/AM ARFF/PICS MASTER/aircraft accidents/New Folder/1059747.jpg,/Volumes/AM ARFF/PICS MASTER/aircraft accidents/New Folder/ART20-CONTINGENCY-accident-232-dup2.jpg,PICS MASTER/aircraft accidents,ART20-CONTINGENCY,USE,Bulk press photographs; verify content and rights before wiring any single one,1055,769,211281,,141.4,yes
/Volumes/AM ARFF/PICS MASTER/aircraft accidents/New Folder/1068806.jpg,/Volumes/AM ARFF/PICS MASTER/aircraft accidents/New Folder/ART20-CONTINGENCY-accident-233-dup3.jpg,PICS MASTER/aircraft accidents,ART20-CONTINGENCY,USE,Bulk press photographs; verify content and rights before wiring any single one,1024,679,441251,,94.4,yes
/Volumes/AM ARFF/PICS MASTER/aircraft accidents/New Folder/1135363.jpg,/Volumes/AM ARFF/PICS MASTER/aircraft accidents/New Folder/ART20-CONTINGENCY-accident-234-dup3.jpg,PICS MASTER/aircraft accidents,ART20-CONTINGENCY,USE,Bulk press photographs; verify content and rights before wiring any single one,1200,801,339794,,133.5,yes
/Volumes/AM ARFF/PICS MASTER/aircraft accidents/New Folder/1247486.jpg,/Volumes/AM ARFF/PICS MASTER/aircraft accidents/New Folder/ART20-CONTINGENCY-accident-235-dup2.jpg,PICS MASTER/aircraft accidents,ART20-CONTINGENCY,USE,Bulk press photographs; verify content and rights before wiring any single one,1024,695,403744,,137.0,yes
/Volumes/AM ARFF/PICS MASTER/aircraft accidents/New Folder/19910421-I-0-I-d-1-500.jpg,/Volumes/AM ARFF/PICS MASTER/aircraft accidents/New Folder/ART20-CONTINGENCY-accident-236-dup3.jpg,PICS MASTER/aircraft accidents,ART20-CONTINGENCY,USE,Bulk press photographs; verify content and rights before wiring any single one,550,356,70516,,87.8,yes
/Volumes/AM ARFF/PICS MASTER/aircraft accidents/New Folder/20010402-1-I-d-2-500.jpg,/Volumes/AM ARFF/PICS MASTER/aircraft accidents/New Folder/ART20-CONTINGENCY-accident-237-dup2.jpg,PICS MASTER/aircraft accidents,ART20-CONTINGENCY,USE,Bulk press photographs; verify content and rights before wiring any single one,500,375,52616,,116.2,yes
/Volumes/AM ARFF/PICS MASTER/aircraft accidents/New Folder/20020106-I-0-I-d-2-500.jpg,/Volumes/AM ARFF/PICS MASTER/aircraft accidents/New Folder/ART20-CONTINGENCY-accident-238-dup3.jpg,PICS MASTER/aircraft accidents,ART20-CONTINGENCY,USE,Bulk press photographs; verify content and rights before wiring any single one,500,396,47655,,79.1,yes
/Volumes/AM ARFF/PICS MASTER/aircraft accidents/New Folder/20020106-I-0-I-d-4-500.jpg,/Volumes/AM ARFF/PICS MASTER/aircraft accidents/New Folder/ART20-CONTINGENCY-accident-239-dup3.jpg,PICS MASTER/aircraft accidents,ART20-CONTINGENCY,USE,Bulk press photographs; verify content and rights before wiring any single one,500,375,52432,,97.4,yes
/Volumes/AM ARFF/PICS MASTER/aircraft accidents/New Folder/20040427-I-0-I-d-3-500.jpg,/Volumes/AM ARFF/PICS MASTER/aircraft accidents/New Folder/ART20-CONTINGENCY-accident-240-dup3.jpg,PICS MASTER/aircraft accidents,ART20-CONTINGENCY,USE,Bulk press photographs; verify content and rights before wiring any single one,550,371,33602,,161.8,yes
/Volumes/AM ARFF/PICS MASTER/aircraft accidents/New Folder/20040723-I-0-I-d-1-500.jpg,/Volumes/AM ARFF/PICS MASTER/aircraft accidents/New Folder/ART20-CONTINGENCY-accident-241-dup3.jpg,PICS MASTER/aircraft accidents,ART20-CONTINGENCY,USE,Bulk press photographs; verify content and rights before wiring any single one,550,413,46920,,115.9,yes
/Volumes/AM ARFF/PICS MASTER/aircraft accidents/New Folder/20050522-I-0-I-d-1-500.jpg,/Volumes/AM ARFF/PICS MASTER/aircraft accidents/New Folder/ART20-CONTINGENCY-accident-242-dup3.jpg,PICS MASTER/aircraft accidents,ART20-CONTINGENCY,USE,Bulk press photographs; verify content and rights before wiring any single one,550,413,64315,2005:06:26 15:18:59,95.7,yes
/Volumes/AM ARFF/PICS MASTER/aircraft accidents/New Folder/7E7Dreamliner_3.jpg,/Volumes/AM ARFF/PICS MASTER/aircraft accidents/New Folder/ART20-CONTINGENCY-accident-243-dup2.jpg,PICS MASTER/aircraft accidents,ART20-CONTINGENCY,USE,Bulk press photographs; verify content and rights before wiring any single one,600,378,19167,,132.6,yes
/Volumes/AM ARFF/PICS MASTER/aircraft accidents/New Folder/7E7Dreamliner_5.jpg,/Volumes/AM ARFF/PICS MASTER/aircraft accidents/New Folder/ART20-CONTINGENCY-accident-244-dup2.jpg,PICS MASTER/aircraft accidents,ART20-CONTINGENCY,USE,Bulk press photographs; verify content and rights before wiring any single one,550,309,21832,,160.1,yes
/Volumes/AM ARFF/PICS MASTER/aircraft accidents/New Folder/990074-F-d-1-500[1].jpg,/Volumes/AM ARFF/PICS MASTER/aircraft accidents/New Folder/ART20-CONTINGENCY-accident-245-dup2.jpg,PICS MASTER/aircraft accidents,ART20-CONTINGENCY,USE,Bulk press photographs; verify content and rights before wiring any single one,550,358,40639,,158.6,yes
/Volumes/AM ARFF/PICS MASTER/aircraft accidents/New Folder/Boeing777_9.jpg,/Volumes/AM ARFF/PICS MASTER/aircraft accidents/New Folder/ART20-CONTINGENCY-accident-246-dup2.jpg,PICS MASTER/aircraft accidents,ART20-CONTINGENCY,USE,Bulk press photographs; verify content and rights before wiring any single one,600,399,44913,,116.3,yes
/Volumes/AM ARFF/PICS MASTER/aircraft accidents/New Folder/_44068065_plane416getty.jpg,/Volumes/AM ARFF/PICS MASTER/aircraft accidents/New Folder/ART20-CONTINGENCY-accident-247-dup2.jpg,PICS MASTER/aircraft accidents,ART20-CONTINGENCY,USE,Bulk press photographs; verify content and rights before wiring any single one,416,300,32326,,121.5,yes
/Volumes/AM ARFF/PICS MASTER/aircraft accidents/New Folder/_44068066_fire416ap.jpg,/Volumes/AM ARFF/PICS MASTER/aircraft accidents/New Folder/ART20-CONTINGENCY-accident-248-dup2.jpg,PICS MASTER/aircraft accidents,ART20-CONTINGENCY,USE,Bulk press photographs; verify content and rights before wiring any single one,416,300,30456,,103.8,yes
/Volumes/AM ARFF/PICS MASTER/aircraft accidents/New Folder/_44068067_plane300getty.jpg,/Volumes/AM ARFF/PICS MASTER/aircraft accidents/New Folder/ART20-CONTINGENCY-accident-249-dup2.jpg,PICS MASTER/aircraft accidents,ART20-CONTINGENCY,USE,Bulk press photographs; verify content and rights before wiring any single one,300,300,24298,,108.9,yes
/Volumes/AM ARFF/PICS MASTER/aircraft accidents/New Folder/_44068074_plane416afp.jpg,/Volumes/AM ARFF/PICS MASTER/aircraft accidents/New Folder/ART20-CONTINGENCY-accident-250-dup2.jpg,PICS MASTER/aircraft accidents,ART20-CONTINGENCY,USE,Bulk press photographs; verify content and rights before wiring any single one,416,300,26303,,150.7,yes
/Volumes/AM ARFF/PICS MASTER/aircraft accidents/New Folder/_44069186_foam416ap.jpg,/Volumes/AM ARFF/PICS MASTER/aircraft accidents/New Folder/ART20-CONTINGENCY-accident-251-dup2.jpg,PICS MASTER/aircraft accidents,ART20-CONTINGENCY,USE,Bulk press photographs; verify content and rights before wiring any single one,416,300,25455,,157.8,yes
/Volumes/AM ARFF/PICS MASTER/aircraft accidents/New Folder/_44069187_wreckage416ap.jpg,/Volumes/AM ARFF/PICS MASTER/aircraft accidents/New Folder/ART20-CONTINGENCY-accident-252-dup2.jpg,PICS MASTER/aircraft accidents,ART20-CONTINGENCY,USE,Bulk press photographs; verify content and rights before wiring any single one,220,300,21737,,130.6,yes
/Volumes/AM ARFF/PICS MASTER/aircraft accidents/New Folder/bird strike 2.jpg,/Volumes/AM ARFF/PICS MASTER/aircraft accidents/New Folder/ART20-CONTINGENCY-accident-253-dup2.jpg,PICS MASTER/aircraft accidents,ART20-CONTINGENCY,USE,Bulk press photographs; verify content and rights before wiring any single one,500,375,52146,,117.9,yes
/Volumes/AM ARFF/PICS MASTER/aircraft accidents/New Folder/bird strike 3.jpg,/Volumes/AM ARFF/PICS MASTER/aircraft accidents/New Folder/ART20-CONTINGENCY-accident-254-dup2.jpg,PICS MASTER/aircraft accidents,ART20-CONTINGENCY,USE,Bulk press photographs; verify content and rights before wiring any single one,500,375,50795,,130.1,yes
/Volumes/AM ARFF/PICS MASTER/aircraft accidents/New Folder/fire_rig_detail.jpg,/Volumes/AM ARFF/PICS MASTER/aircraft accidents/New Folder/ART20-CONTINGENCY-accident-255-dup2.jpg,PICS MASTER/aircraft accidents,ART20-CONTINGENCY,USE,Bulk press photographs; verify content and rights before wiring any single one,600,451,63370,,122.7,yes
/Volumes/AM ARFF/PICS MASTER/aircraft accidents/New Folder/hail storm.jpg,/Volumes/AM ARFF/PICS MASTER/aircraft accidents/New Folder/ART20-CONTINGENCY-accident-256-dup2.jpg,PICS MASTER/aircraft accidents,ART20-CONTINGENCY,USE,Bulk press photographs; verify content and rights before wiring any single one,550,412,68192,,124.1,yes
/Volumes/AM ARFF/PICS MASTER/aircraft accidents/New Folder/pic02792.jpg,/Volumes/AM ARFF/PICS MASTER/aircraft accidents/New Folder/ART20-CONTINGENCY-accident-257-dup2.jpg,PICS MASTER/aircraft accidents,ART20-CONTINGENCY,USE,Bulk press photographs; verify content and rights before wiring any single one,1024,683,156765,2007:04:19 14:42:40,166.8,yes
/Volumes/AM ARFF/PICS MASTER/aircraft accidents/New Folder/pic03916.jpg,/Volumes/AM ARFF/PICS MASTER/aircraft accidents/New Folder/ART20-CONTINGENCY-accident-258-dup2.jpg,PICS MASTER/aircraft accidents,ART20-CONTINGENCY,USE,Bulk press photographs; verify content and rights before wiring any single one,445,296,87170,,114.3,yes
/Volumes/AM ARFF/PICS MASTER/aircraft accidents/New Folder/pic07432.jpg,/Volumes/AM ARFF/PICS MASTER/aircraft accidents/New Folder/ART20-CONTINGENCY-accident-259-dup2.jpg,PICS MASTER/aircraft accidents,ART20-CONTINGENCY,USE,Bulk press photographs; verify content and rights before wiring any single one,1024,683,137057,2007:04:19 14:39:51,154.7,yes
/Volumes/AM ARFF/PICS MASTER/aircraft accidents/New Folder/pic13799.jpg,/Volumes/AM ARFF/PICS MASTER/aircraft accidents/New Folder/ART20-CONTINGENCY-accident-260-dup2.jpg,PICS MASTER/aircraft accidents,ART20-CONTINGENCY,USE,Bulk press photographs; verify content and rights before wiring any single one,1024,683,159991,2007:04:19 14:40:53,161.5,yes
/Volumes/AM ARFF/PICS MASTER/aircraft accidents/New Folder/pic16735.jpg,/Volumes/AM ARFF/PICS MASTER/aircraft accidents/New Folder/ART20-CONTINGENCY-accident-261-dup2.jpg,PICS MASTER/aircraft accidents,ART20-CONTINGENCY,USE,Bulk press photographs; verify content and rights before wiring any single one,1024,683,142586,2007:04:19 14:41:08,137.6,yes
/Volumes/AM ARFF/PICS MASTER/aircraft accidents/New Folder/pic26182.jpg,/Volumes/AM ARFF/PICS MASTER/aircraft accidents/New Folder/ART20-CONTINGENCY-accident-262-dup2.jpg,PICS MASTER/aircraft accidents,ART20-CONTINGENCY,USE,Bulk press photographs; verify content and rights before wiring any single one,445,329,237146,,141.9,yes
/Volumes/AM ARFF/PICS MASTER/aircraft accidents/New Folder/pic31098.jpg,/Volumes/AM ARFF/PICS MASTER/aircraft accidents/New Folder/ART20-CONTINGENCY-accident-263-dup2.jpg,PICS MASTER/aircraft accidents,ART20-CONTINGENCY,USE,Bulk press photographs; verify content and rights before wiring any single one,1024,683,127835,2007:04:19 14:40:05,123.7,yes
/Volumes/AM ARFF/PICS MASTER/aircraft accidents/New Folder/pic32020.jpg,/Volumes/AM ARFF/PICS MASTER/aircraft accidents/New Folder/ART20-CONTINGENCY-accident-264-dup2.jpg,PICS MASTER/aircraft accidents,ART20-CONTINGENCY,USE,Bulk press photographs; verify content and rights before wiring any single one,1024,683,156360,2007:04:19 14:40:18,157.6,yes
/Volumes/AM ARFF/PICS MASTER/aircraft accidents/New Folder/pic32050.jpg,/Volumes/AM ARFF/PICS MASTER/aircraft accidents/New Folder/ART20-CONTINGENCY-accident-265-dup2.jpg,PICS MASTER/aircraft accidents,ART20-CONTINGENCY,USE,Bulk press photographs; verify content and rights before wiring any single one,1024,683,161693,2007:04:19 14:40:40,158.1,yes
/Volumes/AM ARFF/PICS MASTER/aircraft accidents/PIC00019.JPG,/Volumes/AM ARFF/PICS MASTER/aircraft accidents/ART20-CONTINGENCY-accident-266.jpg,PICS MASTER/aircraft accidents,ART20-CONTINGENCY,USE,Bulk press photographs; verify content and rights before wiring any single one,1280,1024,178748,,116.5,
/Volumes/AM ARFF/PICS MASTER/aircraft accidents/Propeller Tear-1.jpg,/Volumes/AM ARFF/PICS MASTER/aircraft accidents/ART20-CONTINGENCY-accident-267.jpg,PICS MASTER/aircraft accidents,ART20-CONTINGENCY,USE,Bulk press photographs; verify content and rights before wiring any single one,640,480,37398,,113.2,
/Volumes/AM ARFF/PICS MASTER/aircraft accidents/Propeller Tear.jpg,/Volumes/AM ARFF/PICS MASTER/aircraft accidents/ART20-CONTINGENCY-accident-268-dup2.jpg,PICS MASTER/aircraft accidents,ART20-CONTINGENCY,USE,Bulk press photographs; verify content and rights before wiring any single one,640,480,37398,,113.2,yes
/Volumes/AM ARFF/PICS MASTER/aircraft accidents/QATOUR/china airlines in hangars (2).jpg,/Volumes/AM ARFF/PICS MASTER/aircraft accidents/QATOUR/ART20-CONTINGENCY-accident-269-dup3.jpg,PICS MASTER/aircraft accidents,ART20-CONTINGENCY,USE,Bulk press photographs; verify content and rights before wiring any single one,1024,683,156765,2007:04:19 14:42:40,166.8,yes
/Volumes/AM ARFF/PICS MASTER/aircraft accidents/QATOUR/china airlines in hangars (3).jpg,/Volumes/AM ARFF/PICS MASTER/aircraft accidents/QATOUR/ART20-CONTINGENCY-accident-270-dup3.jpg,PICS MASTER/aircraft accidents,ART20-CONTINGENCY,USE,Bulk press photographs; verify content and rights before wiring any single one,445,296,87170,,114.3,yes
/Volumes/AM ARFF/PICS MASTER/aircraft accidents/QATOUR/china airlines in hangars (4).jpg,/Volumes/AM ARFF/PICS MASTER/aircraft accidents/QATOUR/ART20-CONTINGENCY-accident-271-dup3.jpg,PICS MASTER/aircraft accidents,ART20-CONTINGENCY,USE,Bulk press photographs; verify content and rights before wiring any single one,1024,683,137057,2007:04:19 14:39:51,154.7,yes
/Volumes/AM ARFF/PICS MASTER/aircraft accidents/QATOUR/china airlines in hangars (5).jpg,/Volumes/AM ARFF/PICS MASTER/aircraft accidents/QATOUR/ART20-CONTINGENCY-accident-272-dup3.jpg,PICS MASTER/aircraft accidents,ART20-CONTINGENCY,USE,Bulk press photographs; verify content and rights before wiring any single one,1024,683,159991,2007:04:19 14:40:53,161.5,yes
/Volumes/AM ARFF/PICS MASTER/aircraft accidents/QATOUR/china airlines in hangars (6).jpg,/Volumes/AM ARFF/PICS MASTER/aircraft accidents/QATOUR/ART20-CONTINGENCY-accident-273-dup3.jpg,PICS MASTER/aircraft accidents,ART20-CONTINGENCY,USE,Bulk press photographs; verify content and rights before wiring any single one,1024,683,142586,2007:04:19 14:41:08,137.6,yes
/Volumes/AM ARFF/PICS MASTER/aircraft accidents/QATOUR/china airlines in hangars (7).jpg,/Volumes/AM ARFF/PICS MASTER/aircraft accidents/QATOUR/ART20-CONTINGENCY-accident-274-dup3.jpg,PICS MASTER/aircraft accidents,ART20-CONTINGENCY,USE,Bulk press photographs; verify content and rights before wiring any single one,445,329,237146,,141.9,yes
/Volumes/AM ARFF/PICS MASTER/aircraft accidents/QATOUR/china airlines in hangars (8).jpg,/Volumes/AM ARFF/PICS MASTER/aircraft accidents/QATOUR/ART20-CONTINGENCY-accident-275-dup3.jpg,PICS MASTER/aircraft accidents,ART20-CONTINGENCY,USE,Bulk press photographs; verify content and rights before wiring any single one,1024,683,127835,2007:04:19 14:40:05,123.7,yes
/Volumes/AM ARFF/PICS MASTER/aircraft accidents/QATOUR/china airlines in hangars.jpg,/Volumes/AM ARFF/PICS MASTER/aircraft accidents/QATOUR/ART20-CONTINGENCY-accident-276-dup3.jpg,PICS MASTER/aircraft accidents,ART20-CONTINGENCY,USE,Bulk press photographs; verify content and rights before wiring any single one,1024,683,156360,2007:04:19 14:40:18,157.6,yes
/Volumes/AM ARFF/PICS MASTER/aircraft accidents/QATOUR/china.jpg,/Volumes/AM ARFF/PICS MASTER/aircraft accidents/QATOUR/ART20-CONTINGENCY-accident-277-dup3.jpg,PICS MASTER/aircraft accidents,ART20-CONTINGENCY,USE,Bulk press photographs; verify content and rights before wiring any single one,1024,683,161693,2007:04:19 14:40:40,158.1,yes
/Volumes/AM ARFF/PICS MASTER/aircraft accidents/QATOUR/pic02792.jpg,/Volumes/AM ARFF/PICS MASTER/aircraft accidents/QATOUR/ART20-CONTINGENCY-accident-278-dup4.jpg,PICS MASTER/aircraft accidents,ART20-CONTINGENCY,USE,Bulk press photographs; verify content and rights before wiring any single one,1024,683,156765,2007:04:19 14:42:40,166.8,yes
/Volumes/AM ARFF/PICS MASTER/aircraft accidents/QATOUR/pic03916.jpg,/Volumes/AM ARFF/PICS MASTER/aircraft accidents/QATOUR/ART20-CONTINGENCY-accident-279-dup4.jpg,PICS MASTER/aircraft accidents,ART20-CONTINGENCY,USE,Bulk press photographs; verify content and rights before wiring any single one,445,296,87170,,114.3,yes
/Volumes/AM ARFF/PICS MASTER/aircraft accidents/QATOUR/pic07432.jpg,/Volumes/AM ARFF/PICS MASTER/aircraft accidents/QATOUR/ART20-CONTINGENCY-accident-280-dup4.jpg,PICS MASTER/aircraft accidents,ART20-CONTINGENCY,USE,Bulk press photographs; verify content and rights before wiring any single one,1024,683,137057,2007:04:19 14:39:51,154.7,yes
/Volumes/AM ARFF/PICS MASTER/aircraft accidents/QATOUR/pic13799.jpg,/Volumes/AM ARFF/PICS MASTER/aircraft accidents/QATOUR/ART20-CONTINGENCY-accident-281-dup4.jpg,PICS MASTER/aircraft accidents,ART20-CONTINGENCY,USE,Bulk press photographs; verify content and rights before wiring any single one,1024,683,159991,2007:04:19 14:40:53,161.5,yes
/Volumes/AM ARFF/PICS MASTER/aircraft accidents/QATOUR/pic16735.jpg,/Volumes/AM ARFF/PICS MASTER/aircraft accidents/QATOUR/ART20-CONTINGENCY-accident-282-dup4.jpg,PICS MASTER/aircraft accidents,ART20-CONTINGENCY,USE,Bulk press photographs; verify content and rights before wiring any single one,1024,683,142586,2007:04:19 14:41:08,137.6,yes
/Volumes/AM ARFF/PICS MASTER/aircraft accidents/QATOUR/pic26182.jpg,/Volumes/AM ARFF/PICS MASTER/aircraft accidents/QATOUR/ART20-CONTINGENCY-accident-283-dup4.jpg,PICS MASTER/aircraft accidents,ART20-CONTINGENCY,USE,Bulk press photographs; verify content and rights before wiring any single one,445,329,237146,,141.9,yes
/Volumes/AM ARFF/PICS MASTER/aircraft accidents/QATOUR/pic31098.jpg,/Volumes/AM ARFF/PICS MASTER/aircraft accidents/QATOUR/ART20-CONTINGENCY-accident-284-dup4.jpg,PICS MASTER/aircraft accidents,ART20-CONTINGENCY,USE,Bulk press photographs; verify content and rights before wiring any single one,1024,683,127835,2007:04:19 14:40:05,123.7,yes
/Volumes/AM ARFF/PICS MASTER/aircraft accidents/QATOUR/pic32020.jpg,/Volumes/AM ARFF/PICS MASTER/aircraft accidents/QATOUR/ART20-CONTINGENCY-accident-285-dup4.jpg,PICS MASTER/aircraft accidents,ART20-CONTINGENCY,USE,Bulk press photographs; verify content and rights before wiring any single one,1024,683,156360,2007:04:19 14:40:18,157.6,yes
/Volumes/AM ARFF/PICS MASTER/aircraft accidents/QATOUR/pic32050.jpg,/Volumes/AM ARFF/PICS MASTER/aircraft accidents/QATOUR/ART20-CONTINGENCY-accident-286-dup4.jpg,PICS MASTER/aircraft accidents,ART20-CONTINGENCY,USE,Bulk press photographs; verify content and rights before wiring any single one,1024,683,161693,2007:04:19 14:40:40,158.1,yes
/Volumes/AM ARFF/PICS MASTER/aircraft accidents/REFEULING ACC/aircraft and truck fire.jpg,/Volumes/AM ARFF/PICS MASTER/aircraft accidents/REFEULING ACC/ART20-CONTINGENCY-accident-287.jpg,PICS MASTER/aircraft accidents,ART20-CONTINGENCY,USE,Bulk press photographs; verify content and rights before wiring any single one,544,438,76275,,155.1,
/Volumes/AM ARFF/PICS MASTER/aircraft accidents/REFEULING ACC/refuelling accident.jpg,/Volumes/AM ARFF/PICS MASTER/aircraft accidents/REFEULING ACC/ART20-CONTINGENCY-accident-288.jpg,PICS MASTER/aircraft accidents,ART20-CONTINGENCY,USE,Bulk press photographs; verify content and rights before wiring any single one,500,375,30560,,94.6,
/Volumes/AM ARFF/PICS MASTER/aircraft accidents/SAAB CHOCK/SAAB - Over the edge 2-1.jpg,/Volumes/AM ARFF/PICS MASTER/aircraft accidents/SAAB CHOCK/ART20-CONTINGENCY-accident-289.jpg,PICS MASTER/aircraft accidents,ART20-CONTINGENCY,USE,Bulk press photographs; verify content and rights before wiring any single one,640,480,39843,,117.7,
/Volumes/AM ARFF/PICS MASTER/aircraft accidents/SAAB CHOCK/SAAB - Over the edge 2.jpg,/Volumes/AM ARFF/PICS MASTER/aircraft accidents/SAAB CHOCK/ART20-CONTINGENCY-accident-290-dup2.jpg,PICS MASTER/aircraft accidents,ART20-CONTINGENCY,USE,Bulk press photographs; verify content and rights before wiring any single one,640,480,39843,,117.7,yes
/Volumes/AM ARFF/PICS MASTER/aircraft accidents/SAAB CHOCK/SAAB - Over the edge-1.jpg,/Volumes/AM ARFF/PICS MASTER/aircraft accidents/SAAB CHOCK/ART20-CONTINGENCY-accident-291.jpg,PICS MASTER/aircraft accidents,ART20-CONTINGENCY,USE,Bulk press photographs; verify content and rights before wiring any single one,640,480,44667,,131.2,
/Volumes/AM ARFF/PICS MASTER/aircraft accidents/SAAB CHOCK/SAAB - Over the edge.jpg,/Volumes/AM ARFF/PICS MASTER/aircraft accidents/SAAB CHOCK/ART20-CONTINGENCY-accident-292-dup2.jpg,PICS MASTER/aircraft accidents,ART20-CONTINGENCY,USE,Bulk press photographs; verify content and rights before wiring any single one,640,480,44667,,131.2,yes
/Volumes/AM ARFF/PICS MASTER/aircraft accidents/SLIDES/11plane-600.jpg,/Volumes/AM ARFF/PICS MASTER/aircraft accidents/SLIDES/ART20-CONTINGENCY-accident-293.jpg,PICS MASTER/aircraft accidents,ART20-CONTINGENCY,USE,Bulk press photographs; verify content and rights before wiring any single one,600,330,87295,,98.7,
/Volumes/AM ARFF/PICS MASTER/aircraft accidents/SLIDES/2007_07_17t203405_450x300_us_brazil_crash.jpg,/Volumes/AM ARFF/PICS MASTER/aircraft accidents/SLIDES/ART20-CONTINGENCY-accident-294.jpg,PICS MASTER/aircraft accidents,ART20-CONTINGENCY,USE,Bulk press photographs; verify content and rights before wiring any single one,380,253,45776,,35.0,
/Volumes/AM ARFF/PICS MASTER/aircraft accidents/SLIDES/AP_BRAZIL_PLANE_CRASH.gif,/Volumes/AM ARFF/PICS MASTER/aircraft accidents/SLIDES/ART20-CONTINGENCY-accident-295.gif,PICS MASTER/aircraft accidents,ART20-CONTINGENCY,USE,Bulk press photographs; verify content and rights before wiring any single one,183,205,8792,,210.4,
/Volumes/AM ARFF/PICS MASTER/aircraft accidents/SLIDES/capt.13a9344e57ae41e3aad08a1e09ce8f8c.aptopix_brazil_plane_crash_xem101.jpg,/Volumes/AM ARFF/PICS MASTER/aircraft accidents/SLIDES/ART20-CONTINGENCY-accident-296.jpg,PICS MASTER/aircraft accidents,ART20-CONTINGENCY,USE,Bulk press photographs; verify content and rights before wiring any single one,380,233,59952,,79.7,
/Volumes/AM ARFF/PICS MASTER/aircraft accidents/SLIDES/capt.sge.csr97.180707051552.photo03.photo.default-388x512.jpg,/Volumes/AM ARFF/PICS MASTER/aircraft accidents/SLIDES/ART20-CONTINGENCY-accident-297.jpg,PICS MASTER/aircraft accidents,ART20-CONTINGENCY,USE,Bulk press photographs; verify content and rights before wiring any single one,261,344,72005,,195.5,
/Volumes/AM ARFF/PICS MASTER/aircraft accidents/SLIDES/capt.sge.ctn40.180707071413.photo00.photo.default-512x301.jpg,/Volumes/AM ARFF/PICS MASTER/aircraft accidents/SLIDES/ART20-CONTINGENCY-accident-298.jpg,PICS MASTER/aircraft accidents,ART20-CONTINGENCY,USE,Bulk press photographs; verify content and rights before wiring any single one,379,223,62026,,77.4,
/Volumes/AM ARFF/PICS MASTER/aircraft accidents/SLIDES/capt.sge.cun23.180707091005.photo03.photo.default-512x341.jpg,/Volumes/AM ARFF/PICS MASTER/aircraft accidents/SLIDES/ART20-CONTINGENCY-accident-299.jpg,PICS MASTER/aircraft accidents,ART20-CONTINGENCY,USE,Bulk press photographs; verify content and rights before wiring any single one,380,253,77749,,104.7,
/Volumes/AM ARFF/PICS MASTER/aircraft accidents/SLIDES/capt.sge.cve69.180707101219.photo00.photo.default-512x343.jpg,/Volumes/AM ARFF/PICS MASTER/aircraft accidents/SLIDES/ART20-CONTINGENCY-accident-300.jpg,PICS MASTER/aircraft accidents,ART20-CONTINGENCY,USE,Bulk press photographs; verify content and rights before wiring any single one,379,254,75778,,72.4,
/Volumes/AM ARFF/PICS MASTER/aircraft accidents/SLIDES/capt.sge.cve69.180707101219.photo02.photo.default-512x323.jpg,/Volumes/AM ARFF/PICS MASTER/aircraft accidents/SLIDES/ART20-CONTINGENCY-accident-301.jpg,PICS MASTER/aircraft accidents,ART20-CONTINGENCY,USE,Bulk press photographs; verify content and rights before wiring any single one,379,239,68550,,45.0,
/Volumes/AM ARFF/PICS MASTER/aircraft accidents/SLIDES/capt.sge.cve69.180707101219.photo03.photo.default-512x341.jpg,/Volumes/AM ARFF/PICS MASTER/aircraft accidents/SLIDES/ART20-CONTINGENCY-accident-302.jpg,PICS MASTER/aircraft accidents,ART20-CONTINGENCY,USE,Bulk press photographs; verify content and rights before wiring any single one,380,253,78306,,104.7,
/Volumes/AM ARFF/PICS MASTER/aircraft accidents/STARTUP BAY ACC/3197.jpg,/Volumes/AM ARFF/PICS MASTER/aircraft accidents/STARTUP BAY ACC/ART20-CONTINGENCY-accident-303-dup2.jpg,PICS MASTER/aircraft accidents,ART20-CONTINGENCY,USE,Bulk press photographs; verify content and rights before wiring any single one,600,450,146983,,110.8,yes
/Volumes/AM ARFF/PICS MASTER/aircraft accidents/STARTUP BAY ACC/PICT0001.JPG,/Volumes/AM ARFF/PICS MASTER/aircraft accidents/STARTUP BAY ACC/ART20-CONTINGENCY-accident-304.jpg,PICS MASTER/aircraft accidents,ART20-CONTINGENCY,USE,Bulk press photographs; verify content and rights before wiring any single one,640,480,59112,2007:11:15 18:19:28,138.8,
/Volumes/AM ARFF/PICS MASTER/aircraft accidents/STARTUP BAY ACC/PICT0002.JPG,/Volumes/AM ARFF/PICS MASTER/aircraft accidents/STARTUP BAY ACC/ART20-CONTINGENCY-accident-305.jpg,PICS MASTER/aircraft accidents,ART20-CONTINGENCY,USE,Bulk press photographs; verify content and rights before wiring any single one,640,480,71295,2007:11:15 18:19:52,135.1,
/Volumes/AM ARFF/PICS MASTER/aircraft accidents/STARTUP BAY ACC/PICT0003.JPG,/Volumes/AM ARFF/PICS MASTER/aircraft accidents/STARTUP BAY ACC/ART20-CONTINGENCY-accident-306.jpg,PICS MASTER/aircraft accidents,ART20-CONTINGENCY,USE,Bulk press photographs; verify content and rights before wiring any single one,640,480,57865,2007:11:15 18:20:35,149.7,
/Volumes/AM ARFF/PICS MASTER/aircraft accidents/STARTUP BAY ACC/PICT0006.JPG,/Volumes/AM ARFF/PICS MASTER/aircraft accidents/STARTUP BAY ACC/ART20-CONTINGENCY-accident-307.jpg,PICS MASTER/aircraft accidents,ART20-CONTINGENCY,USE,Bulk press photographs; verify content and rights before wiring any single one,640,480,26453,2007:11:15 18:24:20,169.6,
/Volumes/AM ARFF/PICS MASTER/aircraft accidents/STARTUP BAY ACC/PICT0007.JPG,/Volumes/AM ARFF/PICS MASTER/aircraft accidents/STARTUP BAY ACC/ART20-CONTINGENCY-accident-308.jpg,PICS MASTER/aircraft accidents,ART20-CONTINGENCY,USE,Bulk press photographs; verify content and rights before wiring any single one,640,480,29426,2007:11:15 18:24:49,165.6,
/Volumes/AM ARFF/PICS MASTER/aircraft accidents/STARTUP BAY ACC/PICT0011.JPG,/Volumes/AM ARFF/PICS MASTER/aircraft accidents/STARTUP BAY ACC/ART20-CONTINGENCY-accident-309.jpg,PICS MASTER/aircraft accidents,ART20-CONTINGENCY,USE,Bulk press photographs; verify content and rights before wiring any single one,640,480,32088,2007:11:15 18:26:32,158.1,
/Volumes/AM ARFF/PICS MASTER/aircraft accidents/STARTUP BAY ACC/PICT0012.JPG,/Volumes/AM ARFF/PICS MASTER/aircraft accidents/STARTUP BAY ACC/ART20-CONTINGENCY-accident-310.jpg,PICS MASTER/aircraft accidents,ART20-CONTINGENCY,USE,Bulk press photographs; verify content and rights before wiring any single one,640,480,39978,2007:11:15 18:33:48,165.4,
/Volumes/AM ARFF/PICS MASTER/aircraft accidents/SU-27%20Lviv'02.jpg,/Volumes/AM ARFF/PICS MASTER/aircraft accidents/ART20-CONTINGENCY-accident-311.jpg,PICS MASTER/aircraft accidents,ART20-CONTINGENCY,USE,Bulk press photographs; verify content and rights before wiring any single one,800,525,47811,,172.5,
/Volumes/AM ARFF/PICS MASTER/aircraft accidents/SWOT.Firefighters.jpg,/Volumes/AM ARFF/PICS MASTER/aircraft accidents/ART20-CONTINGENCY-accident-312.jpg,PICS MASTER/aircraft accidents,ART20-CONTINGENCY,USE,Bulk press photographs; verify content and rights before wiring any single one,1819,1185,280823,,181.8,
/Volumes/AM ARFF/PICS MASTER/aircraft accidents/TURKISH/15229405.jpg,/Volumes/AM ARFF/PICS MASTER/aircraft accidents/TURKISH/ART20-CONTINGENCY-accident-313.jpg,PICS MASTER/aircraft accidents,ART20-CONTINGENCY,USE,Bulk press photographs; verify content and rights before wiring any single one,400,225,46041,,94.7,
/Volumes/AM ARFF/PICS MASTER/aircraft accidents/TURKISH/15229425.jpg,/Volumes/AM ARFF/PICS MASTER/aircraft accidents/TURKISH/ART20-CONTINGENCY-accident-314.jpg,PICS MASTER/aircraft accidents,ART20-CONTINGENCY,USE,Bulk press photographs; verify content and rights before wiring any single one,620,400,56329,,176.2,
/Volumes/AM ARFF/PICS MASTER/aircraft accidents/TURKISH/15229426.jpg,/Volumes/AM ARFF/PICS MASTER/aircraft accidents/TURKISH/ART20-CONTINGENCY-accident-315.jpg,PICS MASTER/aircraft accidents,ART20-CONTINGENCY,USE,Bulk press photographs; verify content and rights before wiring any single one,620,400,90459,,98.7,
/Volumes/AM ARFF/PICS MASTER/aircraft accidents/TURKISH/15229427.jpg,/Volumes/AM ARFF/PICS MASTER/aircraft accidents/TURKISH/ART20-CONTINGENCY-accident-316.jpg,PICS MASTER/aircraft accidents,ART20-CONTINGENCY,USE,Bulk press photographs; verify content and rights before wiring any single one,400,535,93463,,109.6,
/Volumes/AM ARFF/PICS MASTER/aircraft accidents/TURKISH/15229429.jpg,/Volumes/AM ARFF/PICS MASTER/aircraft accidents/TURKISH/ART20-CONTINGENCY-accident-317.jpg,PICS MASTER/aircraft accidents,ART20-CONTINGENCY,USE,Bulk press photographs; verify content and rights before wiring any single one,620,400,91001,,119.0,
/Volumes/AM ARFF/PICS MASTER/aircraft accidents/TURKISH/15229516.jpg,/Volumes/AM ARFF/PICS MASTER/aircraft accidents/TURKISH/ART20-CONTINGENCY-accident-318.jpg,PICS MASTER/aircraft accidents,ART20-CONTINGENCY,USE,Bulk press photographs; verify content and rights before wiring any single one,620,400,64479,,145.7,
/Volumes/AM ARFF/PICS MASTER/aircraft accidents/TURKISH/15229519.jpg,/Volumes/AM ARFF/PICS MASTER/aircraft accidents/TURKISH/ART20-CONTINGENCY-accident-319.jpg,PICS MASTER/aircraft accidents,ART20-CONTINGENCY,USE,Bulk press photographs; verify content and rights before wiring any single one,620,400,110284,,114.6,
/Volumes/AM ARFF/PICS MASTER/aircraft accidents/TURKISH/15229521.jpg,/Volumes/AM ARFF/PICS MASTER/aircraft accidents/TURKISH/ART20-CONTINGENCY-accident-320.jpg,PICS MASTER/aircraft accidents,ART20-CONTINGENCY,USE,Bulk press photographs; verify content and rights before wiring any single one,620,400,97053,,148.1,
/Volumes/AM ARFF/PICS MASTER/aircraft accidents/TURKISH/15229522.jpg,/Volumes/AM ARFF/PICS MASTER/aircraft accidents/TURKISH/ART20-CONTINGENCY-accident-321.jpg,PICS MASTER/aircraft accidents,ART20-CONTINGENCY,USE,Bulk press photographs; verify content and rights before wiring any single one,620,400,100140,,127.5,
/Volumes/AM ARFF/PICS MASTER/aircraft accidents/TURKISH/15229523.jpg,/Volumes/AM ARFF/PICS MASTER/aircraft accidents/TURKISH/ART20-CONTINGENCY-accident-322.jpg,PICS MASTER/aircraft accidents,ART20-CONTINGENCY,USE,Bulk press photographs; verify content and rights before wiring any single one,620,400,93918,,111.4,
/Volumes/AM ARFF/PICS MASTER/aircraft accidents/TURKISH/15229851.jpg,/Volumes/AM ARFF/PICS MASTER/aircraft accidents/TURKISH/ART20-CONTINGENCY-accident-323.jpg,PICS MASTER/aircraft accidents,ART20-CONTINGENCY,USE,Bulk press photographs; verify content and rights before wiring any single one,620,400,124362,,117.3,
/Volumes/AM ARFF/PICS MASTER/aircraft accidents/UPS DC8/DC-8 IMG-002.jpg,/Volumes/AM ARFF/PICS MASTER/aircraft accidents/UPS DC8/ART20-CONTINGENCY-accident-324-dup2.jpg,PICS MASTER/aircraft accidents,ART20-CONTINGENCY,USE,Bulk press photographs; verify content and rights before wiring any single one,640,480,53934,2006:02:08 12:03:57,136.4,yes
/Volumes/AM ARFF/PICS MASTER/aircraft accidents/UPS DC8/DC-8 IMG-003.jpg,/Volumes/AM ARFF/PICS MASTER/aircraft accidents/UPS DC8/ART20-CONTINGENCY-accident-325-dup2.jpg,PICS MASTER/aircraft accidents,ART20-CONTINGENCY,USE,Bulk press photographs; verify content and rights before wiring any single one,640,480,50673,2006:02:08 12:04:03,123.0,yes
/Volumes/AM ARFF/PICS MASTER/aircraft accidents/UPS DC8/DC-8 IMG-004.jpg,/Volumes/AM ARFF/PICS MASTER/aircraft accidents/UPS DC8/ART20-CONTINGENCY-accident-326-dup2.jpg,PICS MASTER/aircraft accidents,ART20-CONTINGENCY,USE,Bulk press photographs; verify content and rights before wiring any single one,640,480,49113,2006:02:08 12:04:43,125.9,yes
/Volumes/AM ARFF/PICS MASTER/aircraft accidents/UPS DC8/DC-8 IMG-010.jpg,/Volumes/AM ARFF/PICS MASTER/aircraft accidents/UPS DC8/ART20-CONTINGENCY-accident-327-dup2.jpg,PICS MASTER/aircraft accidents,ART20-CONTINGENCY,USE,Bulk press photographs; verify content and rights before wiring any single one,640,480,87648,2006:02:08 12:17:11,119.9,yes
/Volumes/AM ARFF/PICS MASTER/aircraft accidents/UPS DC8/DC-8 IMG-015.jpg,/Volumes/AM ARFF/PICS MASTER/aircraft accidents/UPS DC8/ART20-CONTINGENCY-accident-328-dup2.jpg,PICS MASTER/aircraft accidents,ART20-CONTINGENCY,USE,Bulk press photographs; verify content and rights before wiring any single one,640,480,80900,2006:02:08 12:19:36,129.2,yes
/Volumes/AM ARFF/PICS MASTER/aircraft accidents/UPS DC8/DC-8 IMG-019.jpg,/Volumes/AM ARFF/PICS MASTER/aircraft accidents/UPS DC8/ART20-CONTINGENCY-accident-329-dup2.jpg,PICS MASTER/aircraft accidents,ART20-CONTINGENCY,USE,Bulk press photographs; verify content and rights before wiring any single one,640,480,35413,2006:02:08 12:23:50,117.0,yes
/Volumes/AM ARFF/PICS MASTER/aircraft accidents/Virginia Crash (Islander)/MVC-001L.JPG,/Volumes/AM ARFF/PICS MASTER/aircraft accidents/Virginia Crash (Islander)/ART20-CONTINGENCY-accident-330.jpg,PICS MASTER/aircraft accidents,ART20-CONTINGENCY,USE,Bulk press photographs; verify content and rights before wiring any single one,1024,768,47730,,150.0,
/Volumes/AM ARFF/PICS MASTER/aircraft accidents/Virginia Crash (Islander)/MVC-006L.JPG,/Volumes/AM ARFF/PICS MASTER/aircraft accidents/Virginia Crash (Islander)/ART20-CONTINGENCY-accident-331.jpg,PICS MASTER/aircraft accidents,ART20-CONTINGENCY,USE,Bulk press photographs; verify content and rights before wiring any single one,1024,768,57337,,162.2,
/Volumes/AM ARFF/PICS MASTER/aircraft accidents/Virginia Crash (Islander)/MVC-007L.JPG,/Volumes/AM ARFF/PICS MASTER/aircraft accidents/Virginia Crash (Islander)/ART20-CONTINGENCY-accident-332.jpg,PICS MASTER/aircraft accidents,ART20-CONTINGENCY,USE,Bulk press photographs; verify content and rights before wiring any single one,1024,768,65965,,151.2,
/Volumes/AM ARFF/PICS MASTER/aircraft accidents/Virginia Crash (Islander)/MVC-008L.JPG,/Volumes/AM ARFF/PICS MASTER/aircraft accidents/Virginia Crash (Islander)/ART20-CONTINGENCY-accident-333.jpg,PICS MASTER/aircraft accidents,ART20-CONTINGENCY,USE,Bulk press photographs; verify content and rights before wiring any single one,1024,768,71014,,161.7,
/Volumes/AM ARFF/PICS MASTER/aircraft accidents/Virginia Crash (Islander)/MVC-009L.JPG,/Volumes/AM ARFF/PICS MASTER/aircraft accidents/Virginia Crash (Islander)/ART20-CONTINGENCY-accident-334.jpg,PICS MASTER/aircraft accidents,ART20-CONTINGENCY,USE,Bulk press photographs; verify content and rights before wiring any single one,1024,768,41902,,170.0,
/Volumes/AM ARFF/PICS MASTER/aircraft accidents/Virginia Crash (Islander)/MVC-010L.JPG,/Volumes/AM ARFF/PICS MASTER/aircraft accidents/Virginia Crash (Islander)/ART20-CONTINGENCY-accident-335.jpg,PICS MASTER/aircraft accidents,ART20-CONTINGENCY,USE,Bulk press photographs; verify content and rights before wiring any single one,1024,768,72619,,185.4,
/Volumes/AM ARFF/PICS MASTER/aircraft accidents/Virginia Crash (Islander)/MVC-011L.JPG,/Volumes/AM ARFF/PICS MASTER/aircraft accidents/Virginia Crash (Islander)/ART20-CONTINGENCY-accident-336.jpg,PICS MASTER/aircraft accidents,ART20-CONTINGENCY,USE,Bulk press photographs; verify content and rights before wiring any single one,1024,768,78337,,158.4,
/Volumes/AM ARFF/PICS MASTER/aircraft accidents/Virginia Crash (Islander)/MVC-012L.JPG,/Volumes/AM ARFF/PICS MASTER/aircraft accidents/Virginia Crash (Islander)/ART20-CONTINGENCY-accident-337.jpg,PICS MASTER/aircraft accidents,ART20-CONTINGENCY,USE,Bulk press photographs; verify content and rights before wiring any single one,1024,768,64321,,164.9,
/Volumes/AM ARFF/PICS MASTER/aircraft accidents/Virginia Crash (Islander)/MVC-013L.JPG,/Volumes/AM ARFF/PICS MASTER/aircraft accidents/Virginia Crash (Islander)/ART20-CONTINGENCY-accident-338.jpg,PICS MASTER/aircraft accidents,ART20-CONTINGENCY,USE,Bulk press photographs; verify content and rights before wiring any single one,1024,768,69826,,157.7,
/Volumes/AM ARFF/PICS MASTER/aircraft accidents/Virginia Crash (Islander)/MVC-014L.JPG,/Volumes/AM ARFF/PICS MASTER/aircraft accidents/Virginia Crash (Islander)/ART20-CONTINGENCY-accident-339.jpg,PICS MASTER/aircraft accidents,ART20-CONTINGENCY,USE,Bulk press photographs; verify content and rights before wiring any single one,1024,768,62708,,159.0,
/Volumes/AM ARFF/PICS MASTER/aircraft accidents/air_race.jpg,/Volumes/AM ARFF/PICS MASTER/aircraft accidents/ART20-CONTINGENCY-accident-340.jpg,PICS MASTER/aircraft accidents,ART20-CONTINGENCY,USE,Bulk press photographs; verify content and rights before wiring any single one,666,447,62271,,180.2,
/Volumes/AM ARFF/PICS MASTER/aircraft accidents/airbus 380/A 380 Neus 1.jpg,/Volumes/AM ARFF/PICS MASTER/aircraft accidents/airbus 380/ART20-CONTINGENCY-accident-341.jpg,PICS MASTER/aircraft accidents,ART20-CONTINGENCY,USE,Bulk press photographs; verify content and rights before wiring any single one,395,600,311727,2004:12:23 15:42:18,154.8,
/Volumes/AM ARFF/PICS MASTER/aircraft accidents/airbus 380/A 380 Neus.jpg,/Volumes/AM ARFF/PICS MASTER/aircraft accidents/airbus 380/ART20-CONTINGENCY-accident-342.jpg,PICS MASTER/aircraft accidents,ART20-CONTINGENCY,USE,Bulk press photographs; verify content and rights before wiring any single one,600,395,306142,2004:12:23 15:34:11,145.1,
/Volumes/AM ARFF/PICS MASTER/aircraft accidents/airbus 380/A380 Aanmekaarsit.jpg,/Volumes/AM ARFF/PICS MASTER/aircraft accidents/airbus 380/ART20-CONTINGENCY-accident-343.jpg,PICS MASTER/aircraft accidents,ART20-CONTINGENCY,USE,Bulk press photographs; verify content and rights before wiring any single one,600,395,363851,2004:12:23 15:34:33,131.3,
/Volumes/AM ARFF/PICS MASTER/aircraft accidents/airbus 380/A380 Cabin 1.jpg,/Volumes/AM ARFF/PICS MASTER/aircraft accidents/airbus 380/ART20-CONTINGENCY-accident-344.jpg,PICS MASTER/aircraft accidents,ART20-CONTINGENCY,USE,Bulk press photographs; verify content and rights before wiring any single one,600,395,282918,2004:12:23 15:36:53,157.8,
/Volumes/AM ARFF/PICS MASTER/aircraft accidents/airbus 380/A380 Cabin Economy.jpg,/Volumes/AM ARFF/PICS MASTER/aircraft accidents/airbus 380/ART20-CONTINGENCY-accident-345.jpg,PICS MASTER/aircraft accidents,ART20-CONTINGENCY,USE,Bulk press photographs; verify content and rights before wiring any single one,600,395,275306,2004:12:23 15:37:03,128.6,
/Volumes/AM ARFF/PICS MASTER/aircraft accidents/airbus 380/A380 Cabin.jpg,/Volumes/AM ARFF/PICS MASTER/aircraft accidents/airbus 380/ART20-CONTINGENCY-accident-346.jpg,PICS MASTER/aircraft accidents,ART20-CONTINGENCY,USE,Bulk press photographs; verify content and rights before wiring any single one,600,395,281238,2004:12:23 15:36:41,158.4,
/Volumes/AM ARFF/PICS MASTER/aircraft accidents/airbus 380/A380 Fitting engine 1.jpg,/Volumes/AM ARFF/PICS MASTER/aircraft accidents/airbus 380/ART20-CONTINGENCY-accident-347.jpg,PICS MASTER/aircraft accidents,ART20-CONTINGENCY,USE,Bulk press photographs; verify content and rights before wiring any single one,600,395,364650,2004:12:23 15:35:20,134.2,
/Volumes/AM ARFF/PICS MASTER/aircraft accidents/airbus 380/A380 Middel en agter 3.jpg,/Volumes/AM ARFF/PICS MASTER/aircraft accidents/airbus 380/ART20-CONTINGENCY-accident-348.jpg,PICS MASTER/aircraft accidents,ART20-CONTINGENCY,USE,Bulk press photographs; verify content and rights before wiring any single one,600,395,311106,2004:12:23 15:34:00,130.5,
/Volumes/AM ARFF/PICS MASTER/aircraft accidents/airbus 380/A380 Middel en neus 1.jpg,/Volumes/AM ARFF/PICS MASTER/aircraft accidents/airbus 380/ART20-CONTINGENCY-accident-349.jpg,PICS MASTER/aircraft accidents,ART20-CONTINGENCY,USE,Bulk press photographs; verify content and rights before wiring any single one,600,395,219863,2004:12:23 15:32:54,158.1,
/Volumes/AM ARFF/PICS MASTER/aircraft accidents/airbus 380/A380 Middel en neus 2.jpg,/Volumes/AM ARFF/PICS MASTER/aircraft accidents/airbus 380/ART20-CONTINGENCY-accident-350.jpg,PICS MASTER/aircraft accidents,ART20-CONTINGENCY,USE,Bulk press photographs; verify content and rights before wiring any single one,600,395,400777,2004:12:23 15:35:32,126.6,
/Volumes/AM ARFF/PICS MASTER/aircraft accidents/airbus 380/A380 Middel en neus 3.jpg,/Volumes/AM ARFF/PICS MASTER/aircraft accidents/airbus 380/ART20-CONTINGENCY-accident-351.jpg,PICS MASTER/aircraft accidents,ART20-CONTINGENCY,USE,Bulk press photographs; verify content and rights before wiring any single one,600,395,193614,2004:12:23 15:33:15,53.0,
/Volumes/AM ARFF/PICS MASTER/aircraft accidents/airbus 380/A380 Vlerke 1.jpg,/Volumes/AM ARFF/PICS MASTER/aircraft accidents/airbus 380/ART20-CONTINGENCY-accident-352.jpg,PICS MASTER/aircraft accidents,ART20-CONTINGENCY,USE,Bulk press photographs; verify content and rights before wiring any single one,600,395,215661,2004:12:23 15:32:44,128.8,
/Volumes/AM ARFF/PICS MASTER/aircraft accidents/airbus 380/A380 Vlerke 2.jpg,/Volumes/AM ARFF/PICS MASTER/aircraft accidents/airbus 380/ART20-CONTINGENCY-accident-353.jpg,PICS MASTER/aircraft accidents,ART20-CONTINGENCY,USE,Bulk press photographs; verify content and rights before wiring any single one,395,600,323509,2004:12:23 15:40:19,81.7,
/Volumes/AM ARFF/PICS MASTER/aircraft accidents/airbus 380/A380 Vlerke 3.jpg,/Volumes/AM ARFF/PICS MASTER/aircraft accidents/airbus 380/ART20-CONTINGENCY-accident-354.jpg,PICS MASTER/aircraft accidents,ART20-CONTINGENCY,USE,Bulk press photographs; verify content and rights before wiring any single one,395,600,313482,2004:12:23 15:41:15,118.1,
/Volumes/AM ARFF/PICS MASTER/aircraft accidents/airbus 380/A380 in Stukke.jpg,/Volumes/AM ARFF/PICS MASTER/aircraft accidents/airbus 380/ART20-CONTINGENCY-accident-355.jpg,PICS MASTER/aircraft accidents,ART20-CONTINGENCY,USE,Bulk press photographs; verify content and rights before wiring any single one,600,395,166622,2004:12:23 15:33:38,38.6,
/Volumes/AM ARFF/PICS MASTER/aircraft accidents/airbus 380/A380.jpg,/Volumes/AM ARFF/PICS MASTER/aircraft accidents/airbus 380/ART20-CONTINGENCY-accident-356.jpg,PICS MASTER/aircraft accidents,ART20-CONTINGENCY,USE,Bulk press photographs; verify content and rights before wiring any single one,1489,1122,357988,2003:11:14 11:53:19,119.0,
/Volumes/AM ARFF/PICS MASTER/aircraft accidents/airbus 380/cockpit.jpg,/Volumes/AM ARFF/PICS MASTER/aircraft accidents/airbus 380/ART20-CONTINGENCY-accident-357.jpg,PICS MASTER/aircraft accidents,ART20-CONTINGENCY,USE,Bulk press photographs; verify content and rights before wiring any single one,800,576,92135,,187.4,
/Volumes/AM ARFF/PICS MASTER/aircraft accidents/airbus_guppy.jpg,/Volumes/AM ARFF/PICS MASTER/aircraft accidents/ART20-CONTINGENCY-accident-358.jpg,PICS MASTER/aircraft accidents,ART20-CONTINGENCY,USE,Bulk press photographs; verify content and rights before wiring any single one,800,536,61930,,177.8,
/Volumes/AM ARFF/PICS MASTER/aircraft accidents/airfrance/Air France 1.JPG,/Volumes/AM ARFF/PICS MASTER/aircraft accidents/airfrance/ART20-CONTINGENCY-accident-359.jpg,PICS MASTER/aircraft accidents,ART20-CONTINGENCY,USE,Bulk press photographs; verify content and rights before wiring any single one,640,428,40973,,121.0,
/Volumes/AM ARFF/PICS MASTER/aircraft accidents/airfrance/Air France 2.jpg,/Volumes/AM ARFF/PICS MASTER/aircraft accidents/airfrance/ART20-CONTINGENCY-accident-360.jpg,PICS MASTER/aircraft accidents,ART20-CONTINGENCY,USE,Bulk press photographs; verify content and rights before wiring any single one,640,428,53919,,119.7,
/Volumes/AM ARFF/PICS MASTER/aircraft accidents/airfrance/Air France 3.jpg,/Volumes/AM ARFF/PICS MASTER/aircraft accidents/airfrance/ART20-CONTINGENCY-accident-361.jpg,PICS MASTER/aircraft accidents,ART20-CONTINGENCY,USE,Bulk press photographs; verify content and rights before wiring any single one,640,428,87848,,99.5,
/Volumes/AM ARFF/PICS MASTER/aircraft accidents/airfrance/Air France 4.jpg,/Volumes/AM ARFF/PICS MASTER/aircraft accidents/airfrance/ART20-CONTINGENCY-accident-362.jpg,PICS MASTER/aircraft accidents,ART20-CONTINGENCY,USE,Bulk press photographs; verify content and rights before wiring any single one,640,428,77262,,102.0,
/Volumes/AM ARFF/PICS MASTER/aircraft accidents/airfrance/Air France 5.jpg,/Volumes/AM ARFF/PICS MASTER/aircraft accidents/airfrance/ART20-CONTINGENCY-accident-363.jpg,PICS MASTER/aircraft accidents,ART20-CONTINGENCY,USE,Bulk press photographs; verify content and rights before wiring any single one,640,428,59665,,88.8,
/Volumes/AM ARFF/PICS MASTER/aircraft accidents/avop.jpg,/Volumes/AM ARFF/PICS MASTER/aircraft accidents/ART20-CONTINGENCY-accident-364-dup2.jpg,PICS MASTER/aircraft accidents,ART20-CONTINGENCY,USE,Bulk press photographs; verify content and rights before wiring any single one,560,414,71083,,113.4,yes
/Volumes/AM ARFF/PICS MASTER/aircraft accidents/brazilchina/D2 TEB 1 041104.jpg,/Volumes/AM ARFF/PICS MASTER/aircraft accidents/brazilchina/ART20-CONTINGENCY-accident-365.jpg,PICS MASTER/aircraft accidents,ART20-CONTINGENCY,USE,Bulk press photographs; verify content and rights before wiring any single one,2272,1704,212873,,143.3,
/Volumes/AM ARFF/PICS MASTER/aircraft accidents/brazilchina/D2 TEB 2 041104.jpg,/Volumes/AM ARFF/PICS MASTER/aircraft accidents/brazilchina/ART20-CONTINGENCY-accident-366.jpg,PICS MASTER/aircraft accidents,ART20-CONTINGENCY,USE,Bulk press photographs; verify content and rights before wiring any single one,2272,1704,171371,,142.8,
/Volumes/AM ARFF/PICS MASTER/aircraft accidents/brazilchina/D2 TEB 3 041104.jpg,/Volumes/AM ARFF/PICS MASTER/aircraft accidents/brazilchina/ART20-CONTINGENCY-accident-367.jpg,PICS MASTER/aircraft accidents,ART20-CONTINGENCY,USE,Bulk press photographs; verify content and rights before wiring any single one,1024,768,94257,,141.1,
/Volumes/AM ARFF/PICS MASTER/aircraft accidents/brazilchina/D2 TEB 4 041104.jpg,/Volumes/AM ARFF/PICS MASTER/aircraft accidents/brazilchina/ART20-CONTINGENCY-accident-368.jpg,PICS MASTER/aircraft accidents,ART20-CONTINGENCY,USE,Bulk press photographs; verify content and rights before wiring any single one,1024,768,80385,,111.0,
/Volumes/AM ARFF/PICS MASTER/aircraft accidents/brazilchina/D2 TEB 5 041104.jpg,/Volumes/AM ARFF/PICS MASTER/aircraft accidents/brazilchina/ART20-CONTINGENCY-accident-369.jpg,PICS MASTER/aircraft accidents,ART20-CONTINGENCY,USE,Bulk press photographs; verify content and rights before wiring any single one,1024,768,76951,,124.3,
/Volumes/AM ARFF/PICS MASTER/aircraft accidents/brazilchina/D2 TEB 6 041104.jpg,/Volumes/AM ARFF/PICS MASTER/aircraft accidents/brazilchina/ART20-CONTINGENCY-accident-370.jpg,PICS MASTER/aircraft accidents,ART20-CONTINGENCY,USE,Bulk press photographs; verify content and rights before wiring any single one,1024,768,74201,,137.8,
/Volumes/AM ARFF/PICS MASTER/aircraft accidents/brazilchina/D2 TEB 7 041104.jpg,/Volumes/AM ARFF/PICS MASTER/aircraft accidents/brazilchina/ART20-CONTINGENCY-accident-371.jpg,PICS MASTER/aircraft accidents,ART20-CONTINGENCY,USE,Bulk press photographs; verify content and rights before wiring any single one,1024,768,65550,,118.8,
/Volumes/AM ARFF/PICS MASTER/aircraft accidents/brazilchina/D2 TEB 8 041104.jpg,/Volumes/AM ARFF/PICS MASTER/aircraft accidents/brazilchina/ART20-CONTINGENCY-accident-372.jpg,PICS MASTER/aircraft accidents,ART20-CONTINGENCY,USE,Bulk press photographs; verify content and rights before wiring any single one,2272,1704,239600,,139.2,
/Volumes/AM ARFF/PICS MASTER/aircraft accidents/brazilchina/D2 TEB 9 041104.jpg,/Volumes/AM ARFF/PICS MASTER/aircraft accidents/brazilchina/ART20-CONTINGENCY-accident-373.jpg,PICS MASTER/aircraft accidents,ART20-CONTINGENCY,USE,Bulk press photographs; verify content and rights before wiring any single one,2272,1704,343011,,143.1,
/Volumes/AM ARFF/PICS MASTER/aircraft accidents/brazilchina/D2 TEB 9A  041104.jpg,/Volumes/AM ARFF/PICS MASTER/aircraft accidents/brazilchina/ART20-CONTINGENCY-accident-374.jpg,PICS MASTER/aircraft accidents,ART20-CONTINGENCY,USE,Bulk press photographs; verify content and rights before wiring any single one,2272,1704,172923,,147.1,
/Volumes/AM ARFF/PICS MASTER/aircraft accidents/brazilchina/D2 TEB 9B  041104.jpg,/Volumes/AM ARFF/PICS MASTER/aircraft accidents/brazilchina/ART20-CONTINGENCY-accident-375.jpg,PICS MASTER/aircraft accidents,ART20-CONTINGENCY,USE,Bulk press photographs; verify content and rights before wiring any single one,1024,768,69306,,145.9,
/Volumes/AM ARFF/PICS MASTER/aircraft accidents/brazilchina/D2 TEB 9C  041104.jpg,/Volumes/AM ARFF/PICS MASTER/aircraft accidents/brazilchina/ART20-CONTINGENCY-accident-376.jpg,PICS MASTER/aircraft accidents,ART20-CONTINGENCY,USE,Bulk press photographs; verify content and rights before wiring any single one,2272,1704,163701,,103.7,
/Volumes/AM ARFF/PICS MASTER/aircraft accidents/brazilchina/FUEL LEAK 02.jpg,/Volumes/AM ARFF/PICS MASTER/aircraft accidents/brazilchina/ART20-CONTINGENCY-accident-377-dup2.jpg,PICS MASTER/aircraft accidents,ART20-CONTINGENCY,USE,Bulk press photographs; verify content and rights before wiring any single one,1750,1206,174225,,149.6,yes
/Volumes/AM ARFF/PICS MASTER/aircraft accidents/brazilchina/SLIDES/11plane-600.jpg,/Volumes/AM ARFF/PICS MASTER/aircraft accidents/brazilchina/SLIDES/ART20-CONTINGENCY-accident-378-dup2.jpg,PICS MASTER/aircraft accidents,ART20-CONTINGENCY,USE,Bulk press photographs; verify content and rights before wiring any single one,600,330,87295,,98.7,yes
/Volumes/AM ARFF/PICS MASTER/aircraft accidents/brazilchina/SLIDES/2007_07_17t203405_450x300_us_brazil_crash.jpg,/Volumes/AM ARFF/PICS MASTER/aircraft accidents/brazilchina/SLIDES/ART20-CONTINGENCY-accident-379-dup2.jpg,PICS MASTER/aircraft accidents,ART20-CONTINGENCY,USE,Bulk press photographs; verify content and rights before wiring any single one,380,253,45776,,35.0,yes
/Volumes/AM ARFF/PICS MASTER/aircraft accidents/brazilchina/SLIDES/AP_BRAZIL_PLANE_CRASH.gif,/Volumes/AM ARFF/PICS MASTER/aircraft accidents/brazilchina/SLIDES/ART20-CONTINGENCY-accident-380-dup2.gif,PICS MASTER/aircraft accidents,ART20-CONTINGENCY,USE,Bulk press photographs; verify content and rights before wiring any single one,183,205,8792,,210.4,yes
/Volumes/AM ARFF/PICS MASTER/aircraft accidents/brazilchina/SLIDES/capt.13a9344e57ae41e3aad08a1e09ce8f8c.aptopix_brazil_plane_crash_xem101.jpg,/Volumes/AM ARFF/PICS MASTER/aircraft accidents/brazilchina/SLIDES/ART20-CONTINGENCY-accident-381-dup2.jpg,PICS MASTER/aircraft accidents,ART20-CONTINGENCY,USE,Bulk press photographs; verify content and rights before wiring any single one,380,233,59952,,79.7,yes
/Volumes/AM ARFF/PICS MASTER/aircraft accidents/brazilchina/SLIDES/capt.sge.csr97.180707051552.photo03.photo.default-388x512.jpg,/Volumes/AM ARFF/PICS MASTER/aircraft accidents/brazilchina/SLIDES/ART20-CONTINGENCY-accident-382-dup2.jpg,PICS MASTER/aircraft accidents,ART20-CONTINGENCY,USE,Bulk press photographs; verify content and rights before wiring any single one,261,344,72005,,195.5,yes
/Volumes/AM ARFF/PICS MASTER/aircraft accidents/brazilchina/SLIDES/capt.sge.ctn40.180707071413.photo00.photo.default-512x301.jpg,/Volumes/AM ARFF/PICS MASTER/aircraft accidents/brazilchina/SLIDES/ART20-CONTINGENCY-accident-383-dup2.jpg,PICS MASTER/aircraft accidents,ART20-CONTINGENCY,USE,Bulk press photographs; verify content and rights before wiring any single one,379,223,62026,,77.4,yes
/Volumes/AM ARFF/PICS MASTER/aircraft accidents/brazilchina/SLIDES/capt.sge.cun23.180707091005.photo03.photo.default-512x341.jpg,/Volumes/AM ARFF/PICS MASTER/aircraft accidents/brazilchina/SLIDES/ART20-CONTINGENCY-accident-384-dup2.jpg,PICS MASTER/aircraft accidents,ART20-CONTINGENCY,USE,Bulk press photographs; verify content and rights before wiring any single one,380,253,77749,,104.7,yes
/Volumes/AM ARFF/PICS MASTER/aircraft accidents/brazilchina/SLIDES/capt.sge.cve69.180707101219.photo00.photo.default-512x343.jpg,/Volumes/AM ARFF/PICS MASTER/aircraft accidents/brazilchina/SLIDES/ART20-CONTINGENCY-accident-385-dup2.jpg,PICS MASTER/aircraft accidents,ART20-CONTINGENCY,USE,Bulk press photographs; verify content and rights before wiring any single one,379,254,75778,,72.4,yes
/Volumes/AM ARFF/PICS MASTER/aircraft accidents/brazilchina/SLIDES/capt.sge.cve69.180707101219.photo02.photo.default-512x323.jpg,/Volumes/AM ARFF/PICS MASTER/aircraft accidents/brazilchina/SLIDES/ART20-CONTINGENCY-accident-386-dup2.jpg,PICS MASTER/aircraft accidents,ART20-CONTINGENCY,USE,Bulk press photographs; verify content and rights before wiring any single one,379,239,68550,,45.0,yes
/Volumes/AM ARFF/PICS MASTER/aircraft accidents/brazilchina/SLIDES/capt.sge.cve69.180707101219.photo03.photo.default-512x341.jpg,/Volumes/AM ARFF/PICS MASTER/aircraft accidents/brazilchina/SLIDES/ART20-CONTINGENCY-accident-387-dup2.jpg,PICS MASTER/aircraft accidents,ART20-CONTINGENCY,USE,Bulk press photographs; verify content and rights before wiring any single one,380,253,78306,,104.7,yes
/Volumes/AM ARFF/PICS MASTER/aircraft accidents/brazilchina/SLIDES/capt_tok80508200353_japan_plane_fire_tok805.jpg,/Volumes/AM ARFF/PICS MASTER/aircraft accidents/brazilchina/SLIDES/ART20-CONTINGENCY-accident-388.jpg,PICS MASTER/aircraft accidents,ART20-CONTINGENCY,USE,Bulk press photographs; verify content and rights before wiring any single one,120,73,10513,,141.6,
/Volumes/AM ARFF/PICS MASTER/aircraft accidents/brazilchina/SLIDES/capt_tok80708200428_japan_plane_fire_tok807.jpg,/Volumes/AM ARFF/PICS MASTER/aircraft accidents/brazilchina/SLIDES/ART20-CONTINGENCY-accident-389.jpg,PICS MASTER/aircraft accidents,ART20-CONTINGENCY,USE,Bulk press photographs; verify content and rights before wiring any single one,119,75,9784,,109.7,
/Volumes/AM ARFF/PICS MASTER/aircraft accidents/brazilchina/SLIDES/capt_tok80808200432_japan_plane_fire_tok808.jpg,/Volumes/AM ARFF/PICS MASTER/aircraft accidents/brazilchina/SLIDES/ART20-CONTINGENCY-accident-390.jpg,PICS MASTER/aircraft accidents,ART20-CONTINGENCY,USE,Bulk press photographs; verify content and rights before wiring any single one,118,63,9444,,147.3,
/Volumes/AM ARFF/PICS MASTER/aircraft accidents/brazilchina/SLIDES/capt_tok80908200940_japan_plane_fire_tok809.jpg,/Volumes/AM ARFF/PICS MASTER/aircraft accidents/brazilchina/SLIDES/ART20-CONTINGENCY-accident-391.jpg,PICS MASTER/aircraft accidents,ART20-CONTINGENCY,USE,Bulk press photographs; verify content and rights before wiring any single one,380,284,93205,,124.3,
/Volumes/AM ARFF/PICS MASTER/aircraft accidents/brazilchina/SLIDES/capt_tok80908200940_japan_plane_fire_tok809_edited.jpg,/Volumes/AM ARFF/PICS MASTER/aircraft accidents/brazilchina/SLIDES/ART20-CONTINGENCY-accident-392.jpg,PICS MASTER/aircraft accidents,ART20-CONTINGENCY,USE,Bulk press photographs; verify content and rights before wiring any single one,380,284,118912,2007:08:22 11:37:29,125.6,
/Volumes/AM ARFF/PICS MASTER/aircraft accidents/brazilchina/SLIDES/r1372671352.jpg,/Volumes/AM ARFF/PICS MASTER/aircraft accidents/brazilchina/SLIDES/ART20-CONTINGENCY-accident-393.jpg,PICS MASTER/aircraft accidents,ART20-CONTINGENCY,USE,Bulk press photographs; verify content and rights before wiring any single one,379,267,87974,,80.5,
/Volumes/AM ARFF/PICS MASTER/aircraft accidents/brazilchina/SLIDES/r235026283.jpg,/Volumes/AM ARFF/PICS MASTER/aircraft accidents/brazilchina/SLIDES/ART20-CONTINGENCY-accident-394.jpg,PICS MASTER/aircraft accidents,ART20-CONTINGENCY,USE,Bulk press photographs; verify content and rights before wiring any single one,119,75,8440,,101.4,
/Volumes/AM ARFF/PICS MASTER/aircraft accidents/brazilchina/SLIDES/r3694467555.jpg,/Volumes/AM ARFF/PICS MASTER/aircraft accidents/brazilchina/SLIDES/ART20-CONTINGENCY-accident-395.jpg,PICS MASTER/aircraft accidents,ART20-CONTINGENCY,USE,Bulk press photographs; verify content and rights before wiring any single one,119,84,9570,,97.0,
/Volumes/AM ARFF/PICS MASTER/aircraft accidents/brazilchina/SLIDES/ra1728496732.jpg,/Volumes/AM ARFF/PICS MASTER/aircraft accidents/brazilchina/SLIDES/ART20-CONTINGENCY-accident-396.jpg,PICS MASTER/aircraft accidents,ART20-CONTINGENCY,USE,Bulk press photographs; verify content and rights before wiring any single one,119,84,9608,,96.9,
/Volumes/AM ARFF/PICS MASTER/aircraft accidents/china airlines in hangars (1).jpg,/Volumes/AM ARFF/PICS MASTER/aircraft accidents/ART20-CONTINGENCY-accident-397-dup3.jpg,PICS MASTER/aircraft accidents,ART20-CONTINGENCY,USE,Bulk press photographs; verify content and rights before wiring any single one,1055,769,211281,,141.4,yes
/Volumes/AM ARFF/PICS MASTER/aircraft accidents/china/CHINA AIRLINES CRASH3 (1).jpg,/Volumes/AM ARFF/PICS MASTER/aircraft accidents/china/ART20-CONTINGENCY-accident-398.jpg,PICS MASTER/aircraft accidents,ART20-CONTINGENCY,USE,Bulk press photographs; verify content and rights before wiring any single one,862,669,51289,,129.5,
/Volumes/AM ARFF/PICS MASTER/aircraft accidents/china/CHINA AIRLINES CRASH3 (2).jpg,/Volumes/AM ARFF/PICS MASTER/aircraft accidents/china/ART20-CONTINGENCY-accident-399.jpg,PICS MASTER/aircraft accidents,ART20-CONTINGENCY,USE,Bulk press photographs; verify content and rights before wiring any single one,1152,726,67893,,109.4,
/Volumes/AM ARFF/PICS MASTER/aircraft accidents/china/CHINA AIRLINES CRASH3 (3).jpg,/Volumes/AM ARFF/PICS MASTER/aircraft accidents/china/ART20-CONTINGENCY-accident-400.jpg,PICS MASTER/aircraft accidents,ART20-CONTINGENCY,USE,Bulk press photographs; verify content and rights before wiring any single one,862,646,61511,,124.2,
/Volumes/AM ARFF/PICS MASTER/aircraft compartments/20150291281_04.png,/Volumes/AM ARFF/PICS MASTER/aircraft compartments/ART10-ACCESS-interior-drawing-001.png,PICS MASTER/aircraft compartments,ART10-ACCESS,USE,Patent drawings and interior references for access planning,1024,1320,135334,,244.6,
/Volumes/AM ARFF/PICS MASTER/aircraft compartments/E-Jet-fuselage.png,/Volumes/AM ARFF/PICS MASTER/aircraft compartments/ART10-ACCESS-interior-drawing-002.png,PICS MASTER/aircraft compartments,ART10-ACCESS,USE,Patent drawings and interior references for access planning,475,520,135408,,242.3,
/Volumes/AM ARFF/PICS MASTER/aircraft compartments/SR6dZWb.jpg,/Volumes/AM ARFF/PICS MASTER/aircraft compartments/ART10-ACCESS-interior-drawing-003.jpg,PICS MASTER/aircraft compartments,ART10-ACCESS,USE,Patent drawings and interior references for access planning,708,495,112335,,113.4,
/Volumes/AM ARFF/PICS MASTER/aircraft compartments/a380forwardlayout1.jpg,/Volumes/AM ARFF/PICS MASTER/aircraft compartments/ART10-ACCESS-interior-drawing-004.jpg,PICS MASTER/aircraft compartments,ART10-ACCESS,USE,Patent drawings and interior references for access planning,838,492,73853,,222.3,
/Volumes/AM ARFF/PICS MASTER/aircraft compartments/image.png,/Volumes/AM ARFF/PICS MASTER/aircraft compartments/ART10-ACCESS-interior-drawing-005.png,PICS MASTER/aircraft compartments,ART10-ACCESS,USE,Patent drawings and interior references for access planning,1968,2774,88210,,231.7,
/Volumes/AM ARFF/PICS MASTER/aircraft compartments/images-5.jpeg,/Volumes/AM ARFF/PICS MASTER/aircraft compartments/ART10-ACCESS-interior-drawing-006.jpeg,PICS MASTER/aircraft compartments,ART10-ACCESS,USE,Patent drawings and interior references for access planning,224,225,7381,,234.8,
/Volumes/AM ARFF/PICS MASTER/aircraft compartments/r117_9_galley_g1_drawing-monument.png,/Volumes/AM ARFF/PICS MASTER/aircraft compartments/ART10-ACCESS-interior-drawing-007.png,PICS MASTER/aircraft compartments,ART10-ACCESS,USE,Patent drawings and interior references for access planning,1056,744,404366,,233.4,
/Volumes/AM ARFF/PICS MASTER/aircraft compartments/tmp3C10_thumb_thumb.jpg,/Volumes/AM ARFF/PICS MASTER/aircraft compartments/ART10-ACCESS-interior-drawing-008.jpg,PICS MASTER/aircraft compartments,ART10-ACCESS,USE,Patent drawings and interior references for access planning,640,401,86883,,225.2,
/Volumes/AM ARFF/PICS MASTER/aircraft fire training/1000w_q95-2.jpg,/Volumes/AM ARFF/PICS MASTER/aircraft fire training/ART16-TRAINING-training-stock-001.jpg,PICS MASTER/aircraft fire training,ART16-TRAINING,USE,"Mixed training photography, largely foreign stock; check before wiring",1000,667,209948,,117.7,
/Volumes/AM ARFF/PICS MASTER/aircraft fire training/16337.jpg,/Volumes/AM ARFF/PICS MASTER/aircraft fire training/ART16-TRAINING-training-stock-002.jpg,PICS MASTER/aircraft fire training,ART16-TRAINING,USE,"Mixed training photography, largely foreign stock; check before wiring",720,479,112661,,105.6,
/Volumes/AM ARFF/PICS MASTER/aircraft fire training/1_436_110_ARFF 3.jpg,/Volumes/AM ARFF/PICS MASTER/aircraft fire training/ART16-TRAINING-training-stock-003.jpg,PICS MASTER/aircraft fire training,ART16-TRAINING,USE,"Mixed training photography, largely foreign stock; check before wiring",1200,514,594519,2018:01:16 21:03:56,120.0,
/Volumes/AM ARFF/PICS MASTER/aircraft fire training/586099620-fire-department-wallpaper.jpg,/Volumes/AM ARFF/PICS MASTER/aircraft fire training/ART16-TRAINING-training-stock-004.jpg,PICS MASTER/aircraft fire training,ART16-TRAINING,USE,"Mixed training photography, largely foreign stock; check before wiring",1024,768,142054,,133.4,
/Volumes/AM ARFF/PICS MASTER/aircraft fire training/621962af17e6e4d460926a692ab698b2.jpg,/Volumes/AM ARFF/PICS MASTER/aircraft fire training/ART16-TRAINING-training-stock-005.jpg,PICS MASTER/aircraft fire training,ART16-TRAINING,USE,"Mixed training photography, largely foreign stock; check before wiring",600,800,74757,,139.1,
/Volumes/AM ARFF/PICS MASTER/aircraft fire training/990074-F-d-1-500[1].jpg,/Volumes/AM ARFF/PICS MASTER/aircraft fire training/ART16-TRAINING-training-stock-006-dup3.jpg,PICS MASTER/aircraft fire training,ART16-TRAINING,USE,"Mixed training photography, largely foreign stock; check before wiring",550,358,40639,,158.6,yes
/Volumes/AM ARFF/PICS MASTER/aircraft fire training/ARFF.jpeg,/Volumes/AM ARFF/PICS MASTER/aircraft fire training/ART16-TRAINING-training-stock-007.jpeg,PICS MASTER/aircraft fire training,ART16-TRAINING,USE,"Mixed training photography, largely foreign stock; check before wiring",670,268,36883,,214.1,
/Volumes/AM ARFF/PICS MASTER/aircraft fire training/ARFF081717e.jpg,/Volumes/AM ARFF/PICS MASTER/aircraft fire training/ART16-TRAINING-training-stock-008.jpg,PICS MASTER/aircraft fire training,ART16-TRAINING,USE,"Mixed training photography, largely foreign stock; check before wiring",3264,2448,3549290,2017:08:18 10:34:17,107.3,
/Volumes/AM ARFF/PICS MASTER/aircraft fire training/C9tVKjGUwAAoANQ.jpg,/Volumes/AM ARFF/PICS MASTER/aircraft fire training/ART16-TRAINING-training-stock-009.jpg,PICS MASTER/aircraft fire training,ART16-TRAINING,USE,"Mixed training photography, largely foreign stock; check before wiring",1200,900,184549,,97.1,
/Volumes/AM ARFF/PICS MASTER/aircraft fire training/DRIVER INSPECTION.jpg,/Volumes/AM ARFF/PICS MASTER/aircraft fire training/ART16-TRAINING-training-stock-010.jpg,PICS MASTER/aircraft fire training,ART16-TRAINING,USE,"Mixed training photography, largely foreign stock; check before wiring",230,219,8770,,104.5,
/Volumes/AM ARFF/PICS MASTER/aircraft fire training/ISO_Incident_Command.jpg,/Volumes/AM ARFF/PICS MASTER/aircraft fire training/ART16-TRAINING-training-stock-011.jpg,PICS MASTER/aircraft fire training,ART16-TRAINING,USE,"Mixed training photography, largely foreign stock; check before wiring",3156,2148,734586,2015:01:22 14:00:27,86.6,
/Volumes/AM ARFF/PICS MASTER/aircraft fire training/PHYSICAL TEST ARFF.jpg,/Volumes/AM ARFF/PICS MASTER/aircraft fire training/ART16-TRAINING-training-stock-012.jpg,PICS MASTER/aircraft fire training,ART16-TRAINING,USE,"Mixed training photography, largely foreign stock; check before wiring",237,212,9679,,155.0,
/Volumes/AM ARFF/PICS MASTER/aircraft fire training/elevatorops-005-small.jpg,/Volumes/AM ARFF/PICS MASTER/aircraft fire training/ART16-TRAINING-training-stock-013.jpg,PICS MASTER/aircraft fire training,ART16-TRAINING,USE,"Mixed training photography, largely foreign stock; check before wiring",640,480,59510,2007:10:27 15:34:17,100.9,
/Volumes/AM ARFF/PICS MASTER/aircraft fire training/fire-fighters-3.jpg,/Volumes/AM ARFF/PICS MASTER/aircraft fire training/ART16-TRAINING-training-stock-014.jpg,PICS MASTER/aircraft fire training,ART16-TRAINING,USE,"Mixed training photography, largely foreign stock; check before wiring",1920,1280,951792,,60.5,
/Volumes/AM ARFF/PICS MASTER/aircraft fire training/fire_rig_detail.jpg,/Volumes/AM ARFF/PICS MASTER/aircraft fire training/ART16-TRAINING-training-stock-015-dup3.jpg,PICS MASTER/aircraft fire training,ART16-TRAINING,USE,"Mixed training photography, largely foreign stock; check before wiring",600,451,63370,,122.7,yes
/Volumes/AM ARFF/PICS MASTER/aircraft fire training/firefighters-1176513_640.jpg,/Volumes/AM ARFF/PICS MASTER/aircraft fire training/ART16-TRAINING-training-stock-016.jpg,PICS MASTER/aircraft fire training,ART16-TRAINING,USE,"Mixed training photography, largely foreign stock; check before wiring",640,426,79886,,58.4,
/Volumes/AM ARFF/PICS MASTER/aircraft fire training/firemen-k33-2.jpg,/Volumes/AM ARFF/PICS MASTER/aircraft fire training/ART16-TRAINING-training-stock-017.jpg,PICS MASTER/aircraft fire training,ART16-TRAINING,USE,"Mixed training photography, largely foreign stock; check before wiring",1440,960,298929,,54.7,
/Volumes/AM ARFF/PICS MASTER/aircraft fire training/firescience12.JPG,/Volumes/AM ARFF/PICS MASTER/aircraft fire training/ART16-TRAINING-training-stock-018.jpg,PICS MASTER/aircraft fire training,ART16-TRAINING,USE,"Mixed training photography, largely foreign stock; check before wiring",310,175,35050,,134.3,
/Volumes/AM ARFF/PICS MASTER/aircraft fire training/hqdefault.jpg,/Volumes/AM ARFF/PICS MASTER/aircraft fire training/ART16-TRAINING-training-stock-019.jpg,PICS MASTER/aircraft fire training,ART16-TRAINING,USE,"Mixed training photography, largely foreign stock; check before wiring",480,360,12913,,151.2,
/Volumes/AM ARFF/PICS MASTER/aircraft fire training/media_c_1.jpg,/Volumes/AM ARFF/PICS MASTER/aircraft fire training/ART16-TRAINING-training-stock-020.jpg,PICS MASTER/aircraft fire training,ART16-TRAINING,USE,"Mixed training photography, largely foreign stock; check before wiring",208,149,13176,,138.6,
/Volumes/AM ARFF/PICS MASTER/aircraft fire training/original.jpg,/Volumes/AM ARFF/PICS MASTER/aircraft fire training/ART16-TRAINING-training-stock-021.jpg,PICS MASTER/aircraft fire training,ART16-TRAINING,USE,"Mixed training photography, largely foreign stock; check before wiring",2100,1395,468166,2011:10:19 15:26:58,143.9,
/Volumes/AM ARFF/PICS MASTER/aircraft/0347818.jpg,/Volumes/AM ARFF/PICS MASTER/aircraft/ART11-FLEET-aircraft-ref-001-dup3.jpg,PICS MASTER/aircraft,ART11-FLEET,USE,"Mixed web reference images; provenance unverified, check before wiring",640,426,73922,2003:05:09 21:57:04,114.5,yes
/Volumes/AM ARFF/PICS MASTER/aircraft/1282283.jpg,/Volumes/AM ARFF/PICS MASTER/aircraft/ART11-FLEET-aircraft-ref-002.jpg,PICS MASTER/aircraft,ART11-FLEET,USE,"Mixed web reference images; provenance unverified, check before wiring",1024,684,141883,,135.6,
/Volumes/AM ARFF/PICS MASTER/aircraft/7E7Dreamliner_3.jpg,/Volumes/AM ARFF/PICS MASTER/aircraft/ART11-FLEET-aircraft-ref-003-dup3.jpg,PICS MASTER/aircraft,ART11-FLEET,USE,"Mixed web reference images; provenance unverified, check before wiring",600,378,19167,,132.6,yes
/Volumes/AM ARFF/PICS MASTER/aircraft/7E7Dreamliner_5.jpg,/Volumes/AM ARFF/PICS MASTER/aircraft/ART11-FLEET-aircraft-ref-004-dup3.jpg,PICS MASTER/aircraft,ART11-FLEET,USE,"Mixed web reference images; provenance unverified, check before wiring",550,309,21832,,160.1,yes
/Volumes/AM ARFF/PICS MASTER/aircraft/AIRCRAFT PARKING STAND APRON.JPG,/Volumes/AM ARFF/PICS MASTER/aircraft/EXCLUDE-OFFTOPIC-stock-diagram-001.jpg,PICS MASTER/aircraft,EXCLUDE-OFFTOPIC,EXCLUDE,Stock apron diagram; removed from the platform,1127,660,135846,,149.9,
/Volumes/AM ARFF/PICS MASTER/aircraft/Boeing 797.jpg,/Volumes/AM ARFF/PICS MASTER/aircraft/ART11-FLEET-aircraft-ref-005.jpg,PICS MASTER/aircraft,ART11-FLEET,USE,"Mixed web reference images; provenance unverified, check before wiring",648,431,54866,,105.7,
/Volumes/AM ARFF/PICS MASTER/aircraft/Boeing777_9.jpg,/Volumes/AM ARFF/PICS MASTER/aircraft/ART11-FLEET-aircraft-ref-006-dup3.jpg,PICS MASTER/aircraft,ART11-FLEET,USE,"Mixed web reference images; provenance unverified, check before wiring",600,399,44913,,116.3,yes
/Volumes/AM ARFF/PICS MASTER/aircraft/COCKPIT PHOTO.JPG,/Volumes/AM ARFF/PICS MASTER/aircraft/ART11-FLEET-cockpit-001.jpg,PICS MASTER/aircraft,ART11-FLEET,USE,Flight deck reference for familiarisation,600,465,56877,,92.3,
/Volumes/AM ARFF/PICS MASTER/aircraft/F-18mid-air1.jpg,/Volumes/AM ARFF/PICS MASTER/aircraft/EXCLUDE-OFFTOPIC-military-001.jpg,PICS MASTER/aircraft,EXCLUDE-OFFTOPIC,EXCLUDE,Military fast-jet image; not ARFF,710,536,56600,,163.4,
/Volumes/AM ARFF/PICS MASTER/aircraft/JET1.jpg,/Volumes/AM ARFF/PICS MASTER/aircraft/EXCLUDE-OFFTOPIC-crash-still-001.jpg,PICS MASTER/aircraft,EXCLUDE-OFFTOPIC,EXCLUDE,Crash still of unclear provenance; not wired,1000,600,195239,,178.8,
/Volumes/AM ARFF/PICS MASTER/aircraft/MU.JPG,/Volumes/AM ARFF/PICS MASTER/aircraft/ART11-FLEET-aircraft-ref-007.jpg,PICS MASTER/aircraft,ART11-FLEET,USE,"Mixed web reference images; provenance unverified, check before wiring",200,133,9254,,149.1,
/Volumes/AM ARFF/PICS MASTER/aircraft/Picture12.jpg,/Volumes/AM ARFF/PICS MASTER/aircraft/ART11-FLEET-aircraft-ref-008.jpg,PICS MASTER/aircraft,ART11-FLEET,USE,"Mixed web reference images; provenance unverified, check before wiring",1020,728,28902,,136.1,
/Volumes/AM ARFF/PICS MASTER/aircraft/aircraft_4.jpg,/Volumes/AM ARFF/PICS MASTER/aircraft/ART11-FLEET-aircraft-ref-009.jpg,PICS MASTER/aircraft,ART11-FLEET,USE,"Mixed web reference images; provenance unverified, check before wiring",1024,768,166070,,109.2,
/Volumes/AM ARFF/PICS MASTER/aircraft/image.jpg,/Volumes/AM ARFF/PICS MASTER/aircraft/ART11-FLEET-aircraft-ref-010.jpg,PICS MASTER/aircraft,ART11-FLEET,USE,"Mixed web reference images; provenance unverified, check before wiring",1028,780,125678,,134.8,
/Volumes/AM ARFF/PICS MASTER/aircraft/jpg10.jpg,/Volumes/AM ARFF/PICS MASTER/aircraft/ART11-FLEET-aircraft-ref-011.jpg,PICS MASTER/aircraft,ART11-FLEET,USE,"Mixed web reference images; provenance unverified, check before wiring",960,679,68179,,159.9,
/Volumes/AM ARFF/PICS MASTER/aircraft/rooivalk.jpg,/Volumes/AM ARFF/PICS MASTER/aircraft/ART11-FLEET-aircraft-ref-012.jpg,PICS MASTER/aircraft,ART11-FLEET,USE,"Mixed web reference images; provenance unverified, check before wiring",1056,768,208827,,110.5,
/Volumes/AM ARFF/PICS MASTER/aircraft/worlds largest aircraft/image.jpg,/Volumes/AM ARFF/PICS MASTER/aircraft/worlds largest aircraft/ART11-FLEET-aircraft-ref-013.jpg,PICS MASTER/aircraft,ART11-FLEET,USE,"Mixed web reference images; provenance unverified, check before wiring",640,480,47088,,148.4,
/Volumes/AM ARFF/PICS MASTER/bird strike/AA/AA.jpg,/Volumes/AM ARFF/PICS MASTER/bird strike/AA/ART03-WILDLIFE-birdstrike-001.jpg,PICS MASTER/bird strike,ART03-WILDLIFE,USE,Bird strike damage; helicopter series shows blood and dead birds,768,576,79634,,131.2,
/Volumes/AM ARFF/PICS MASTER/bird strike/AA/AA1.jpg,/Volumes/AM ARFF/PICS MASTER/bird strike/AA/ART03-WILDLIFE-birdstrike-002.jpg,PICS MASTER/bird strike,ART03-WILDLIFE,USE,Bird strike damage; helicopter series shows blood and dead birds,768,576,62136,,124.0,
/Volumes/AM ARFF/PICS MASTER/bird strike/AA/AA2.jpg,/Volumes/AM ARFF/PICS MASTER/bird strike/AA/ART03-WILDLIFE-birdstrike-003.jpg,PICS MASTER/bird strike,ART03-WILDLIFE,USE,Bird strike damage; helicopter series shows blood and dead birds,768,576,64410,,136.3,
/Volumes/AM ARFF/PICS MASTER/bird strike/AA/AA3.jpg,/Volumes/AM ARFF/PICS MASTER/bird strike/AA/ART03-WILDLIFE-birdstrike-004.jpg,PICS MASTER/bird strike,ART03-WILDLIFE,USE,Bird strike damage; helicopter series shows blood and dead birds,768,576,55242,,137.4,
/Volumes/AM ARFF/PICS MASTER/bird strike/AA/bird strike 2.jpg,/Volumes/AM ARFF/PICS MASTER/bird strike/AA/ART03-WILDLIFE-birdstrike-005-dup3.jpg,PICS MASTER/bird strike,ART03-WILDLIFE,USE,Bird strike damage; helicopter series shows blood and dead birds,500,375,52146,,117.9,yes
/Volumes/AM ARFF/PICS MASTER/bird strike/AA/bird strike 3.jpg,/Volumes/AM ARFF/PICS MASTER/bird strike/AA/ART03-WILDLIFE-birdstrike-006-dup3.jpg,PICS MASTER/bird strike,ART03-WILDLIFE,USE,Bird strike damage; helicopter series shows blood and dead birds,500,375,50795,,130.1,yes
/Volumes/AM ARFF/PICS MASTER/bird strike/AA/image001.jpg,/Volumes/AM ARFF/PICS MASTER/bird strike/AA/ART03-WILDLIFE-birdstrike-007-dup2.jpg,PICS MASTER/bird strike,ART03-WILDLIFE,USE,Bird strike damage; helicopter series shows blood and dead birds,768,576,79634,,131.2,yes
/Volumes/AM ARFF/PICS MASTER/bird strike/AA/image002.jpg,/Volumes/AM ARFF/PICS MASTER/bird strike/AA/ART03-WILDLIFE-birdstrike-008-dup2.jpg,PICS MASTER/bird strike,ART03-WILDLIFE,USE,Bird strike damage; helicopter series shows blood and dead birds,768,576,62136,,124.0,yes
/Volumes/AM ARFF/PICS MASTER/bird strike/AA/image003.jpg,/Volumes/AM ARFF/PICS MASTER/bird strike/AA/ART03-WILDLIFE-birdstrike-009-dup2.jpg,PICS MASTER/bird strike,ART03-WILDLIFE,USE,Bird strike damage; helicopter series shows blood and dead birds,768,576,64410,,136.3,yes
/Volumes/AM ARFF/PICS MASTER/bird strike/AA/image004.jpg,/Volumes/AM ARFF/PICS MASTER/bird strike/AA/ART03-WILDLIFE-birdstrike-010-dup2.jpg,PICS MASTER/bird strike,ART03-WILDLIFE,USE,Bird strike damage; helicopter series shows blood and dead birds,768,576,55242,,137.4,yes
/Volumes/AM ARFF/PICS MASTER/bird strike/AA/image006.jpg,/Volumes/AM ARFF/PICS MASTER/bird strike/AA/ART03-WILDLIFE-birdstrike-011.jpg,PICS MASTER/bird strike,ART03-WILDLIFE,USE,Bird strike damage; helicopter series shows blood and dead birds,768,576,67213,,137.8,
/Volumes/AM ARFF/PICS MASTER/bird strike/AA/image007.jpg,/Volumes/AM ARFF/PICS MASTER/bird strike/AA/ART03-WILDLIFE-birdstrike-012.jpg,PICS MASTER/bird strike,ART03-WILDLIFE,USE,Bird strike damage; helicopter series shows blood and dead birds,768,576,55800,,130.4,
/Volumes/AM ARFF/PICS MASTER/bird strike/AA/image008.jpg,/Volumes/AM ARFF/PICS MASTER/bird strike/AA/ART03-WILDLIFE-birdstrike-013.jpg,PICS MASTER/bird strike,ART03-WILDLIFE,USE,Bird strike damage; helicopter series shows blood and dead birds,768,576,43263,,133.3,
/Volumes/AM ARFF/PICS MASTER/bird strike/Bird-v-Plane.jpg,/Volumes/AM ARFF/PICS MASTER/bird strike/ART03-WILDLIFE-birdstrike-014.jpg,PICS MASTER/bird strike,ART03-WILDLIFE,USE,Bird strike damage; helicopter series shows blood and dead birds,594,792,61620,,127.9,
/Volumes/AM ARFF/PICS MASTER/bird strike/ByByBirdie.jpg,/Volumes/AM ARFF/PICS MASTER/bird strike/ART03-WILDLIFE-birdstrike-015.jpg,PICS MASTER/bird strike,ART03-WILDLIFE,USE,Bird strike damage; helicopter series shows blood and dead birds,800,532,43337,,174.3,
/Volumes/AM ARFF/PICS MASTER/bird strike/C-141bird1.jpg,/Volumes/AM ARFF/PICS MASTER/bird strike/ART03-WILDLIFE-birdstrike-016.jpg,PICS MASTER/bird strike,ART03-WILDLIFE,USE,Bird strike damage; helicopter series shows blood and dead birds,768,512,51941,,172.5,
/Volumes/AM ARFF/PICS MASTER/bird strike/HELO/DSC04391.JPG,/Volumes/AM ARFF/PICS MASTER/bird strike/HELO/ART03-WILDLIFE-birdstrike-017.jpg,PICS MASTER/bird strike,ART03-WILDLIFE,USE,Bird strike damage; helicopter series shows blood and dead birds,600,450,26170,,124.2,
/Volumes/AM ARFF/PICS MASTER/bird strike/HELO/DSC04392.JPG,/Volumes/AM ARFF/PICS MASTER/bird strike/HELO/ART03-WILDLIFE-birdstrike-018.jpg,PICS MASTER/bird strike,ART03-WILDLIFE,USE,Bird strike damage; helicopter series shows blood and dead birds,600,450,32566,,111.1,
/Volumes/AM ARFF/PICS MASTER/bird strike/HELO/DSC04393.JPG,/Volumes/AM ARFF/PICS MASTER/bird strike/HELO/ART03-WILDLIFE-birdstrike-019.jpg,PICS MASTER/bird strike,ART03-WILDLIFE,USE,Bird strike damage; helicopter series shows blood and dead birds,600,450,39617,,88.9,
/Volumes/AM ARFF/PICS MASTER/bird strike/HELO/DSC04394.JPG,/Volumes/AM ARFF/PICS MASTER/bird strike/HELO/ART03-WILDLIFE-birdstrike-020.jpg,PICS MASTER/bird strike,ART03-WILDLIFE,USE,Bird strike damage; helicopter series shows blood and dead birds,600,450,35428,,97.8,
/Volumes/AM ARFF/PICS MASTER/bird strike/HELO/DSC04395.JPG,/Volumes/AM ARFF/PICS MASTER/bird strike/HELO/ART03-WILDLIFE-birdstrike-021.jpg,PICS MASTER/bird strike,ART03-WILDLIFE,USE,Bird strike damage; helicopter series shows blood and dead birds,600,450,40239,,103.0,
/Volumes/AM ARFF/PICS MASTER/bird strike/HELO/DSC04396.JPG,/Volumes/AM ARFF/PICS MASTER/bird strike/HELO/ART03-WILDLIFE-birdstrike-022.jpg,PICS MASTER/bird strike,ART03-WILDLIFE,USE,Bird strike damage; helicopter series shows blood and dead birds,600,450,41975,,109.9,
/Volumes/AM ARFF/PICS MASTER/bird strike/HELO/DSC04397.JPG,/Volumes/AM ARFF/PICS MASTER/bird strike/HELO/ART03-WILDLIFE-birdstrike-023.jpg,PICS MASTER/bird strike,ART03-WILDLIFE,USE,Bird strike damage; helicopter series shows blood and dead birds,600,450,31719,,106.6,
/Volumes/AM ARFF/PICS MASTER/bird strike/HELO/DSC04398.JPG,/Volumes/AM ARFF/PICS MASTER/bird strike/HELO/ART03-WILDLIFE-birdstrike-024.jpg,PICS MASTER/bird strike,ART03-WILDLIFE,USE,Bird strike damage; helicopter series shows blood and dead birds,600,450,41818,,124.2,
/Volumes/AM ARFF/PICS MASTER/bird strike/HELO/DSC04399.JPG,/Volumes/AM ARFF/PICS MASTER/bird strike/HELO/ART03-WILDLIFE-birdstrike-025.jpg,PICS MASTER/bird strike,ART03-WILDLIFE,USE,Bird strike damage; helicopter series shows blood and dead birds,600,450,50530,,110.2,
/Volumes/AM ARFF/PICS MASTER/bird strike/HELO/DSC04400.JPG,/Volumes/AM ARFF/PICS MASTER/bird strike/HELO/ART03-WILDLIFE-birdstrike-026.jpg,PICS MASTER/bird strike,ART03-WILDLIFE,USE,Bird strike damage; helicopter series shows blood and dead birds,600,450,41343,,120.6,
/Volumes/AM ARFF/PICS MASTER/bird strike/HELO/DSC04401.JPG,/Volumes/AM ARFF/PICS MASTER/bird strike/HELO/ART03-WILDLIFE-birdstrike-027.jpg,PICS MASTER/bird strike,ART03-WILDLIFE,USE,Bird strike damage; helicopter series shows blood and dead birds,600,450,29994,,148.7,
/Volumes/AM ARFF/PICS MASTER/bird strike/HELO/DSC04402.JPG,/Volumes/AM ARFF/PICS MASTER/bird strike/HELO/ART03-WILDLIFE-birdstrike-028.jpg,PICS MASTER/bird strike,ART03-WILDLIFE,USE,Bird strike damage; helicopter series shows blood and dead birds,600,450,39840,,112.7,
/Volumes/AM ARFF/PICS MASTER/bird strike/HELO/DSC04403.JPG,/Volumes/AM ARFF/PICS MASTER/bird strike/HELO/ART03-WILDLIFE-birdstrike-029.jpg,PICS MASTER/bird strike,ART03-WILDLIFE,USE,Bird strike damage; helicopter series shows blood and dead birds,600,450,37776,,114.3,
/Volumes/AM ARFF/PICS MASTER/bird strike/HELO/DSC04404.JPG,/Volumes/AM ARFF/PICS MASTER/bird strike/HELO/ART03-WILDLIFE-birdstrike-030.jpg,PICS MASTER/bird strike,ART03-WILDLIFE,USE,Bird strike damage; helicopter series shows blood and dead birds,600,450,39751,,118.1,
/Volumes/AM ARFF/PICS MASTER/bird strike/HELO/DSC04405.JPG,/Volumes/AM ARFF/PICS MASTER/bird strike/HELO/ART03-WILDLIFE-birdstrike-031.jpg,PICS MASTER/bird strike,ART03-WILDLIFE,USE,Bird strike damage; helicopter series shows blood and dead birds,600,450,42438,,105.9,
/Volumes/AM ARFF/PICS MASTER/bird strike/HELO/DSC04406.JPG,/Volumes/AM ARFF/PICS MASTER/bird strike/HELO/ART03-WILDLIFE-birdstrike-032.jpg,PICS MASTER/bird strike,ART03-WILDLIFE,USE,Bird strike damage; helicopter series shows blood and dead birds,600,450,42350,,106.6,
/Volumes/AM ARFF/PICS MASTER/bird strike/HELO/DSC04407.JPG,/Volumes/AM ARFF/PICS MASTER/bird strike/HELO/ART03-WILDLIFE-birdstrike-033.jpg,PICS MASTER/bird strike,ART03-WILDLIFE,USE,Bird strike damage; helicopter series shows blood and dead birds,600,450,34887,,135.4,
/Volumes/AM ARFF/PICS MASTER/bird strike/HELO/DSC04408.JPG,/Volumes/AM ARFF/PICS MASTER/bird strike/HELO/ART03-WILDLIFE-birdstrike-034.jpg,PICS MASTER/bird strike,ART03-WILDLIFE,USE,Bird strike damage; helicopter series shows blood and dead birds,600,450,42271,,147.8,
/Volumes/AM ARFF/PICS MASTER/bird strike/HELO/DSC04409.JPG,/Volumes/AM ARFF/PICS MASTER/bird strike/HELO/ART03-WILDLIFE-birdstrike-035.jpg,PICS MASTER/bird strike,ART03-WILDLIFE,USE,Bird strike damage; helicopter series shows blood and dead birds,600,450,26927,,107.8,
/Volumes/AM ARFF/PICS MASTER/bird strike/Heli%20Bird.jpg,/Volumes/AM ARFF/PICS MASTER/bird strike/ART03-WILDLIFE-birdstrike-036.jpg,PICS MASTER/bird strike,ART03-WILDLIFE,USE,Bird strike damage; helicopter series shows blood and dead birds,640,480,36455,,129.9,
/Volumes/AM ARFF/PICS MASTER/bird strike/Plane%20eats%20Pelican.jpg,/Volumes/AM ARFF/PICS MASTER/bird strike/ART03-WILDLIFE-birdstrike-037.jpg,PICS MASTER/bird strike,ART03-WILDLIFE,USE,Bird strike damage; helicopter series shows blood and dead birds,896,592,65535,,158.6,
/Volumes/AM ARFF/PICS MASTER/bird strike/TURKISH /08919afb-3ade-4aae-9019-394677e683f1.JPG,/Volumes/AM ARFF/PICS MASTER/bird strike/TURKISH /ART03-WILDLIFE-birdstrike-038.jpg,PICS MASTER/bird strike,ART03-WILDLIFE,USE,Bird strike damage; helicopter series shows blood and dead birds,1280,720,43693,,153.1,
/Volumes/AM ARFF/PICS MASTER/bird strike/TURKISH /46a187c0-8768-4b60-b0a0-d05e56c7d773.JPG,/Volumes/AM ARFF/PICS MASTER/bird strike/TURKISH /ART03-WILDLIFE-birdstrike-039.jpg,PICS MASTER/bird strike,ART03-WILDLIFE,USE,Bird strike damage; helicopter series shows blood and dead birds,1280,720,37852,,97.7,
/Volumes/AM ARFF/PICS MASTER/bird strike/TURKISH /480cdbdd-9ea6-4335-bbe7-7955a0ea846b.JPG,/Volumes/AM ARFF/PICS MASTER/bird strike/TURKISH /ART03-WILDLIFE-birdstrike-040.jpg,PICS MASTER/bird strike,ART03-WILDLIFE,USE,Bird strike damage; helicopter series shows blood and dead birds,800,599,42640,,142.8,
/Volumes/AM ARFF/PICS MASTER/bird strike/The eagle has landed 1.jpg,/Volumes/AM ARFF/PICS MASTER/bird strike/ART03-WILDLIFE-birdstrike-041.jpg,PICS MASTER/bird strike,ART03-WILDLIFE,USE,Bird strike damage; helicopter series shows blood and dead birds,550,412,66422,,121.9,
/Volumes/AM ARFF/PICS MASTER/bird strike/The eagle has landed 2.jpg,/Volumes/AM ARFF/PICS MASTER/bird strike/ART03-WILDLIFE-birdstrike-042.jpg,PICS MASTER/bird strike,ART03-WILDLIFE,USE,Bird strike damage; helicopter series shows blood and dead birds,550,412,71063,,104.2,
/Volumes/AM ARFF/PICS MASTER/bird strike/The eagle has landed.jpg,/Volumes/AM ARFF/PICS MASTER/bird strike/ART03-WILDLIFE-birdstrike-043.jpg,PICS MASTER/bird strike,ART03-WILDLIFE,USE,Bird strike damage; helicopter series shows blood and dead birds,550,412,53465,2005:03:23 14:23:39,119.9,
/Volumes/AM ARFF/PICS MASTER/bird strike/deerstrike1.jpg,/Volumes/AM ARFF/PICS MASTER/bird strike/ART03-WILDLIFE-birdstrike-044.jpg,PICS MASTER/bird strike,ART03-WILDLIFE,USE,Bird strike damage; helicopter series shows blood and dead birds,800,600,53726,,140.8,
/Volumes/AM ARFF/PICS MASTER/bird strike/deerstrike2.jpg,/Volumes/AM ARFF/PICS MASTER/bird strike/ART03-WILDLIFE-birdstrike-045.jpg,PICS MASTER/bird strike,ART03-WILDLIFE,USE,Bird strike damage; helicopter series shows blood and dead birds,800,600,48707,,130.7,
/Volumes/AM ARFF/PICS MASTER/bird strike/hail storm.jpg,/Volumes/AM ARFF/PICS MASTER/bird strike/ART03-WILDLIFE-birdstrike-046-dup3.jpg,PICS MASTER/bird strike,ART03-WILDLIFE,USE,Bird strike damage; helicopter series shows blood and dead birds,550,412,68192,,124.1,yes
/Volumes/AM ARFF/PICS MASTER/bird strike/image0021.jpg,/Volumes/AM ARFF/PICS MASTER/bird strike/ART03-WILDLIFE-birdstrike-047.jpg,PICS MASTER/bird strike,ART03-WILDLIFE,USE,Bird strike damage; helicopter series shows blood and dead birds,950,713,221594,,122.5,
/Volumes/AM ARFF/PICS MASTER/bird strike/image005.jpg,/Volumes/AM ARFF/PICS MASTER/bird strike/ART03-WILDLIFE-birdstrike-048.jpg,PICS MASTER/bird strike,ART03-WILDLIFE,USE,Bird strike damage; helicopter series shows blood and dead birds,768,576,96240,,115.3,
/Volumes/AM ARFF/PICS MASTER/bird strike/image009.jpg,/Volumes/AM ARFF/PICS MASTER/bird strike/ART03-WILDLIFE-birdstrike-049.jpg,PICS MASTER/bird strike,ART03-WILDLIFE,USE,Bird strike damage; helicopter series shows blood and dead birds,768,576,77490,,116.1,
/Volumes/AM ARFF/PICS MASTER/bird strike/image010.jpg,/Volumes/AM ARFF/PICS MASTER/bird strike/ART03-WILDLIFE-birdstrike-050.jpg,PICS MASTER/bird strike,ART03-WILDLIFE,USE,Bird strike damage; helicopter series shows blood and dead birds,576,768,78494,,123.5,
/Volumes/AM ARFF/PICS MASTER/bird strike/oops9.jpg,/Volumes/AM ARFF/PICS MASTER/bird strike/ART03-WILDLIFE-birdstrike-051.jpg,PICS MASTER/bird strike,ART03-WILDLIFE,USE,Bird strike damage; helicopter series shows blood and dead birds,624,480,72418,,132.2,
/Volumes/AM ARFF/PICS MASTER/engine ingestion/1.JPG,/Volumes/AM ARFF/PICS MASTER/engine ingestion/ART15-ENGINE-ingestion-001.jpg,PICS MASTER/engine ingestion,ART15-ENGINE,USE,Fan-blade ingestion closeups with bird remains; small files,800,600,93951,,61.1,
/Volumes/AM ARFF/PICS MASTER/engine ingestion/2.JPG,/Volumes/AM ARFF/PICS MASTER/engine ingestion/ART15-ENGINE-ingestion-002.jpg,PICS MASTER/engine ingestion,ART15-ENGINE,USE,Fan-blade ingestion closeups with bird remains; small files,800,600,95514,,64.0,
/Volumes/AM ARFF/PICS MASTER/engine ingestion/3.JPG,/Volumes/AM ARFF/PICS MASTER/engine ingestion/ART15-ENGINE-ingestion-003.jpg,PICS MASTER/engine ingestion,ART15-ENGINE,USE,Fan-blade ingestion closeups with bird remains; small files,800,600,77294,,110.5,
/Volumes/AM ARFF/PICS MASTER/engine ingestion/4.JPG,/Volumes/AM ARFF/PICS MASTER/engine ingestion/ART15-ENGINE-ingestion-004.jpg,PICS MASTER/engine ingestion,ART15-ENGINE,USE,Fan-blade ingestion closeups with bird remains; small files,800,600,67788,,113.6,
/Volumes/AM ARFF/PICS MASTER/engine ingestion/5.JPG,/Volumes/AM ARFF/PICS MASTER/engine ingestion/ART15-ENGINE-ingestion-005.jpg,PICS MASTER/engine ingestion,ART15-ENGINE,USE,Fan-blade ingestion closeups with bird remains; small files,800,600,78222,,98.3,
/Volumes/AM ARFF/PICS MASTER/engine ingestion/6.JPG,/Volumes/AM ARFF/PICS MASTER/engine ingestion/ART15-ENGINE-ingestion-006.jpg,PICS MASTER/engine ingestion,ART15-ENGINE,USE,Fan-blade ingestion closeups with bird remains; small files,800,600,92964,,94.3,
/Volumes/AM ARFF/PICS MASTER/engine ingestion/7.JPG,/Volumes/AM ARFF/PICS MASTER/engine ingestion/ART15-ENGINE-ingestion-007.jpg,PICS MASTER/engine ingestion,ART15-ENGINE,USE,Fan-blade ingestion closeups with bird remains; small files,800,600,59613,,81.0,
/Volumes/AM ARFF/PICS MASTER/engine ingestion/8.JPG,/Volumes/AM ARFF/PICS MASTER/engine ingestion/ART15-ENGINE-ingestion-008.jpg,PICS MASTER/engine ingestion,ART15-ENGINE,USE,Fan-blade ingestion closeups with bird remains; small files,800,600,71533,,96.9,
/Volumes/AM ARFF/PICS MASTER/engine ingestion/B737 1 ENGINE INGESTION.JPG,/Volumes/AM ARFF/PICS MASTER/engine ingestion/ART15-ENGINE-ingestion-009-dup2.jpg,PICS MASTER/engine ingestion,ART15-ENGINE,USE,Fan-blade ingestion closeups with bird remains; small files,800,600,77294,,110.5,yes
/Volumes/AM ARFF/PICS MASTER/engine ingestion/B737 10 ENGINE INGESTION.JPG,/Volumes/AM ARFF/PICS MASTER/engine ingestion/ART15-ENGINE-ingestion-010-dup2.jpg,PICS MASTER/engine ingestion,ART15-ENGINE,USE,Fan-blade ingestion closeups with bird remains; small files,800,600,71533,,96.9,yes
/Volumes/AM ARFF/PICS MASTER/engine ingestion/B737 11 ENGINE INGESTION.JPG,/Volumes/AM ARFF/PICS MASTER/engine ingestion/ART15-ENGINE-ingestion-011.jpg,PICS MASTER/engine ingestion,ART15-ENGINE,USE,Fan-blade ingestion closeups with bird remains; small files,450,300,50584,2006:05:13 16:38:28,112.7,
/Volumes/AM ARFF/PICS MASTER/engine ingestion/B737 12 ENGINE INGESTION.JPG,/Volumes/AM ARFF/PICS MASTER/engine ingestion/ART15-ENGINE-ingestion-012.jpg,PICS MASTER/engine ingestion,ART15-ENGINE,USE,Fan-blade ingestion closeups with bird remains; small files,450,300,36052,2006:05:13 16:38:57,157.9,
/Volumes/AM ARFF/PICS MASTER/engine ingestion/B737 6 ENGINE INGESTION.JPG,/Volumes/AM ARFF/PICS MASTER/engine ingestion/ART15-ENGINE-ingestion-013-dup2.jpg,PICS MASTER/engine ingestion,ART15-ENGINE,USE,Fan-blade ingestion closeups with bird remains; small files,800,600,67788,,113.6,yes
/Volumes/AM ARFF/PICS MASTER/engine ingestion/B737 7 ENGINE INGESTION.JPG,/Volumes/AM ARFF/PICS MASTER/engine ingestion/ART15-ENGINE-ingestion-014-dup2.jpg,PICS MASTER/engine ingestion,ART15-ENGINE,USE,Fan-blade ingestion closeups with bird remains; small files,800,600,78222,,98.3,yes
/Volumes/AM ARFF/PICS MASTER/engine ingestion/ingestion into to engine china (1).JPG,/Volumes/AM ARFF/PICS MASTER/engine ingestion/ART15-ENGINE-ingestion-015-dup2.jpg,PICS MASTER/engine ingestion,ART15-ENGINE,USE,Fan-blade ingestion closeups with bird remains; small files,800,600,93951,,61.1,yes
/Volumes/AM ARFF/PICS MASTER/engine ingestion/ingestion into to engine china (2).JPG,/Volumes/AM ARFF/PICS MASTER/engine ingestion/ART15-ENGINE-ingestion-016-dup2.jpg,PICS MASTER/engine ingestion,ART15-ENGINE,USE,Fan-blade ingestion closeups with bird remains; small files,800,600,95514,,64.0,yes
/Volumes/AM ARFF/PICS MASTER/engine ingestion/ingestion into to engine china (3).JPG,/Volumes/AM ARFF/PICS MASTER/engine ingestion/ART15-ENGINE-ingestion-017-dup3.jpg,PICS MASTER/engine ingestion,ART15-ENGINE,USE,Fan-blade ingestion closeups with bird remains; small files,800,600,77294,,110.5,yes
/Volumes/AM ARFF/PICS MASTER/engine ingestion/ingestion into to engine china (4).JPG,/Volumes/AM ARFF/PICS MASTER/engine ingestion/ART15-ENGINE-ingestion-018-dup3.jpg,PICS MASTER/engine ingestion,ART15-ENGINE,USE,Fan-blade ingestion closeups with bird remains; small files,800,600,67788,,113.6,yes
/Volumes/AM ARFF/PICS MASTER/engine ingestion/ingestion into to engine china (5).JPG,/Volumes/AM ARFF/PICS MASTER/engine ingestion/ART15-ENGINE-ingestion-019-dup3.jpg,PICS MASTER/engine ingestion,ART15-ENGINE,USE,Fan-blade ingestion closeups with bird remains; small files,800,600,78222,,98.3,yes
/Volumes/AM ARFF/PICS MASTER/engine ingestion/ingestion into to engine china (6).JPG,/Volumes/AM ARFF/PICS MASTER/engine ingestion/ART15-ENGINE-ingestion-020-dup2.jpg,PICS MASTER/engine ingestion,ART15-ENGINE,USE,Fan-blade ingestion closeups with bird remains; small files,800,600,92964,,94.3,yes
/Volumes/AM ARFF/PICS MASTER/engine ingestion/ingestion into to engine china (7).JPG,/Volumes/AM ARFF/PICS MASTER/engine ingestion/ART15-ENGINE-ingestion-021-dup2.jpg,PICS MASTER/engine ingestion,ART15-ENGINE,USE,Fan-blade ingestion closeups with bird remains; small files,800,600,59613,,81.0,yes
/Volumes/AM ARFF/PICS MASTER/engine ingestion/ingestion into to engine china.JPG,/Volumes/AM ARFF/PICS MASTER/engine ingestion/ART15-ENGINE-ingestion-022-dup3.jpg,PICS MASTER/engine ingestion,ART15-ENGINE,USE,Fan-blade ingestion closeups with bird remains; small files,800,600,71533,,96.9,yes
/Volumes/AM ARFF/PICS MASTER/engine ingestion/mech into engine.jpg,/Volumes/AM ARFF/PICS MASTER/engine ingestion/ART15-ENGINE-ingestion-023.jpg,PICS MASTER/engine ingestion,ART15-ENGINE,USE,Fan-blade ingestion closeups with bird remains; small files,450,300,43876,2006:05:13 16:38:42,135.3,
/Volumes/AM ARFF/PICS MASTER/engine ingestion/pic14902.jpg,/Volumes/AM ARFF/PICS MASTER/engine ingestion/ART15-ENGINE-ingestion-024-dup2.jpg,PICS MASTER/engine ingestion,ART15-ENGINE,USE,Fan-blade ingestion closeups with bird remains; small files,450,300,36052,2006:05:13 16:38:57,157.9,yes
/Volumes/AM ARFF/PICS MASTER/engine ingestion/pic28255.jpg,/Volumes/AM ARFF/PICS MASTER/engine ingestion/ART15-ENGINE-ingestion-025-dup2.jpg,PICS MASTER/engine ingestion,ART15-ENGINE,USE,Fan-blade ingestion closeups with bird remains; small files,450,300,43876,2006:05:13 16:38:42,135.3,yes
/Volumes/AM ARFF/PICS MASTER/jetblast/jetblast-1.jpg,/Volumes/AM ARFF/PICS MASTER/jetblast/ART15-JETBLAST-jetblast-test-001.jpg,PICS MASTER/jetblast,ART15-JETBLAST,USE,Jet blast test frames; the two files are identical,520,306,19619,,139.0,
/Volumes/AM ARFF/PICS MASTER/jetblast/jetblast.jpg,/Volumes/AM ARFF/PICS MASTER/jetblast/ART15-JETBLAST-jetblast-test-002-dup2.jpg,PICS MASTER/jetblast,ART15-JETBLAST,USE,Jet blast test frames; the two files are identical,520,306,19619,,139.0,yes
/Volumes/AM ARFF/PICS MASTER/landing gear/C172RGgearup.jpg,/Volumes/AM ARFF/PICS MASTER/landing gear/ART10-GEAR-gear-emergency-001.jpg,PICS MASTER/landing gear,ART10-GEAR,USE,Gear-up and gear-collapse web images; small files,385,204,8049,,155.9,
/Volumes/AM ARFF/PICS MASTER/landing gear/F4net1.jpg,/Volumes/AM ARFF/PICS MASTER/landing gear/ART10-GEAR-gear-emergency-002.jpg,PICS MASTER/landing gear,ART10-GEAR,USE,Gear-up and gear-collapse web images; small files,600,474,61172,,158.9,
/Volumes/AM ARFF/PICS MASTER/landing gear/F4net2.jpg,/Volumes/AM ARFF/PICS MASTER/landing gear/ART10-GEAR-gear-emergency-003.jpg,PICS MASTER/landing gear,ART10-GEAR,USE,Gear-up and gear-collapse web images; small files,600,414,59457,,172.4,
/Volumes/AM ARFF/PICS MASTER/landing gear/GearFail.jpg,/Volumes/AM ARFF/PICS MASTER/landing gear/ART10-GEAR-gear-emergency-004.jpg,PICS MASTER/landing gear,ART10-GEAR,USE,Gear-up and gear-collapse web images; small files,800,540,48758,,187.7,
/Volumes/AM ARFF/PICS MASTER/landing gear/GearMissing.jpg,/Volumes/AM ARFF/PICS MASTER/landing gear/ART10-GEAR-gear-emergency-005.jpg,PICS MASTER/landing gear,ART10-GEAR,USE,Gear-up and gear-collapse web images; small files,926,670,36552,,141.1,
/Volumes/AM ARFF/PICS MASTER/landing gear/P51gear-up.jpg,/Volumes/AM ARFF/PICS MASTER/landing gear/ART10-GEAR-gear-emergency-006.jpg,PICS MASTER/landing gear,ART10-GEAR,USE,Gear-up and gear-collapse web images; small files,800,532,39367,,125.0,
/Volumes/AM ARFF/PICS MASTER/landing gear/altgear.jpg,/Volumes/AM ARFF/PICS MASTER/landing gear/ART10-GEAR-gear-emergency-007.jpg,PICS MASTER/landing gear,ART10-GEAR,USE,Gear-up and gear-collapse web images; small files,400,259,29323,,145.2,
/Volumes/AM ARFF/PICS MASTER/piper alpha/MVC-001F.JPG,/Volumes/AM ARFF/PICS MASTER/piper alpha/EXCLUDE-OFFTOPIC-oil-rig-fire-001.jpg,PICS MASTER/piper alpha,EXCLUDE-OFFTOPIC,EXCLUDE,"Piper Alpha offshore oil rig disaster; not aviation, not ARFF",640,480,44155,,114.3,
/Volumes/AM ARFF/PICS MASTER/piper alpha/MVC-002F.JPG,/Volumes/AM ARFF/PICS MASTER/piper alpha/EXCLUDE-OFFTOPIC-oil-rig-fire-002.jpg,PICS MASTER/piper alpha,EXCLUDE-OFFTOPIC,EXCLUDE,"Piper Alpha offshore oil rig disaster; not aviation, not ARFF",640,480,48269,,117.9,
/Volumes/AM ARFF/PICS MASTER/piper alpha/MVC-003F.JPG,/Volumes/AM ARFF/PICS MASTER/piper alpha/EXCLUDE-OFFTOPIC-oil-rig-fire-003.jpg,PICS MASTER/piper alpha,EXCLUDE-OFFTOPIC,EXCLUDE,"Piper Alpha offshore oil rig disaster; not aviation, not ARFF",640,480,42374,,108.3,
/Volumes/AM ARFF/PICS MASTER/piper alpha/MVC-004F.JPG,/Volumes/AM ARFF/PICS MASTER/piper alpha/EXCLUDE-OFFTOPIC-oil-rig-fire-004.jpg,PICS MASTER/piper alpha,EXCLUDE-OFFTOPIC,EXCLUDE,"Piper Alpha offshore oil rig disaster; not aviation, not ARFF",640,480,44413,,101.9,
/Volumes/AM ARFF/PICS MASTER/piper alpha/MVC-005F.JPG,/Volumes/AM ARFF/PICS MASTER/piper alpha/EXCLUDE-OFFTOPIC-oil-rig-fire-005.jpg,PICS MASTER/piper alpha,EXCLUDE-OFFTOPIC,EXCLUDE,"Piper Alpha offshore oil rig disaster; not aviation, not ARFF",640,480,57503,,109.9,
/Volumes/AM ARFF/PICS MASTER/piper alpha/MVC-006F.JPG,/Volumes/AM ARFF/PICS MASTER/piper alpha/EXCLUDE-OFFTOPIC-oil-rig-fire-006.jpg,PICS MASTER/piper alpha,EXCLUDE-OFFTOPIC,EXCLUDE,"Piper Alpha offshore oil rig disaster; not aviation, not ARFF",640,480,54322,,115.5,
/Volumes/AM ARFF/PICS MASTER/piper alpha/MVC-007F.JPG,/Volumes/AM ARFF/PICS MASTER/piper alpha/EXCLUDE-OFFTOPIC-oil-rig-fire-007.jpg,PICS MASTER/piper alpha,EXCLUDE-OFFTOPIC,EXCLUDE,"Piper Alpha offshore oil rig disaster; not aviation, not ARFF",640,480,42351,,103.7,
/Volumes/AM ARFF/PICS MASTER/piper alpha/MVC-008F.JPG,/Volumes/AM ARFF/PICS MASTER/piper alpha/EXCLUDE-OFFTOPIC-oil-rig-fire-008.jpg,PICS MASTER/piper alpha,EXCLUDE-OFFTOPIC,EXCLUDE,"Piper Alpha offshore oil rig disaster; not aviation, not ARFF",640,480,40774,,108.5,
/Volumes/AM ARFF/PICS MASTER/piper alpha/MVC-009F.JPG,/Volumes/AM ARFF/PICS MASTER/piper alpha/EXCLUDE-OFFTOPIC-oil-rig-fire-009.jpg,PICS MASTER/piper alpha,EXCLUDE-OFFTOPIC,EXCLUDE,"Piper Alpha offshore oil rig disaster; not aviation, not ARFF",640,480,42261,,107.8,
/Volumes/AM ARFF/PICS MASTER/piper alpha/MVC-010F.JPG,/Volumes/AM ARFF/PICS MASTER/piper alpha/EXCLUDE-OFFTOPIC-oil-rig-fire-010.jpg,PICS MASTER/piper alpha,EXCLUDE-OFFTOPIC,EXCLUDE,"Piper Alpha offshore oil rig disaster; not aviation, not ARFF",640,480,54978,,114.5,
/Volumes/AM ARFF/PICS MASTER/piper alpha/MVC-011F.JPG,/Volumes/AM ARFF/PICS MASTER/piper alpha/EXCLUDE-OFFTOPIC-oil-rig-fire-011.jpg,PICS MASTER/piper alpha,EXCLUDE-OFFTOPIC,EXCLUDE,"Piper Alpha offshore oil rig disaster; not aviation, not ARFF",640,480,53814,,101.8,
/Volumes/AM ARFF/PICS MASTER/piper alpha/MVC-012F.JPG,/Volumes/AM ARFF/PICS MASTER/piper alpha/EXCLUDE-OFFTOPIC-oil-rig-fire-012.jpg,PICS MASTER/piper alpha,EXCLUDE-OFFTOPIC,EXCLUDE,"Piper Alpha offshore oil rig disaster; not aviation, not ARFF",640,480,50261,,105.7,
/Volumes/AM ARFF/PICS MASTER/piper alpha/MVC-013F.JPG,/Volumes/AM ARFF/PICS MASTER/piper alpha/EXCLUDE-OFFTOPIC-oil-rig-fire-013.jpg,PICS MASTER/piper alpha,EXCLUDE-OFFTOPIC,EXCLUDE,"Piper Alpha offshore oil rig disaster; not aviation, not ARFF",640,480,47348,,95.7,
/Volumes/AM ARFF/PICS MASTER/piper alpha/MVC-014F.JPG,/Volumes/AM ARFF/PICS MASTER/piper alpha/EXCLUDE-OFFTOPIC-oil-rig-fire-014.jpg,PICS MASTER/piper alpha,EXCLUDE-OFFTOPIC,EXCLUDE,"Piper Alpha offshore oil rig disaster; not aviation, not ARFF",640,480,46426,,110.2,
/Volumes/AM ARFF/PICS MASTER/piper alpha/MVC-015F.JPG,/Volumes/AM ARFF/PICS MASTER/piper alpha/EXCLUDE-OFFTOPIC-oil-rig-fire-015.jpg,PICS MASTER/piper alpha,EXCLUDE-OFFTOPIC,EXCLUDE,"Piper Alpha offshore oil rig disaster; not aviation, not ARFF",640,480,55447,,95.9,
/Volumes/AM ARFF/PICS MASTER/rescue/DSC00553.JPG,/Volumes/AM ARFF/PICS MASTER/rescue/ART10-EXTRICATION-equity-exercise-001.jpg,PICS MASTER/rescue,ART10-EXTRICATION,USE,EQUITY night extrication exercise on a heavy vehicle,2048,1536,758950,2006:10:31 18:15:10,73.7,
/Volumes/AM ARFF/PICS MASTER/rescue/DSC00554.JPG,/Volumes/AM ARFF/PICS MASTER/rescue/ART10-EXTRICATION-equity-exercise-002.jpg,PICS MASTER/rescue,ART10-EXTRICATION,USE,EQUITY night extrication exercise on a heavy vehicle,2048,1536,807540,2006:10:31 18:18:07,80.7,
/Volumes/AM ARFF/PICS MASTER/rescue/WORK 1.JPG,/Volumes/AM ARFF/PICS MASTER/rescue/ART10-EXTRICATION-equity-exercise-003.jpg,PICS MASTER/rescue,ART10-EXTRICATION,USE,EQUITY night extrication exercise on a heavy vehicle,2048,1536,779080,2006:10:31 18:13:43,93.5,
/Volumes/AM ARFF/PICS MASTER/rescue/WORK 2.JPG,/Volumes/AM ARFF/PICS MASTER/rescue/ART10-EXTRICATION-equity-exercise-004.jpg,PICS MASTER/rescue,ART10-EXTRICATION,USE,EQUITY night extrication exercise on a heavy vehicle,2048,1536,784300,2006:10:31 18:31:45,70.0,
/Volumes/AM ARFF/PICS MASTER/rescue/WORK 3.JPG,/Volumes/AM ARFF/PICS MASTER/rescue/ART10-EXTRICATION-equity-exercise-005.jpg,PICS MASTER/rescue,ART10-EXTRICATION,USE,EQUITY night extrication exercise on a heavy vehicle,2048,1536,764091,2006:10:31 18:31:52,41.7,
/Volumes/AM ARFF/PICS MASTER/rescue/WORK 4.JPG,/Volumes/AM ARFF/PICS MASTER/rescue/ART10-EXTRICATION-equity-exercise-006.jpg,PICS MASTER/rescue,ART10-EXTRICATION,USE,EQUITY night extrication exercise on a heavy vehicle,2048,1536,769535,2006:10:31 18:43:09,37.9,
/Volumes/AM ARFF/PICS MASTER/rescue/WORK 5.JPG,/Volumes/AM ARFF/PICS MASTER/rescue/ART10-EXTRICATION-equity-exercise-007.jpg,PICS MASTER/rescue,ART10-EXTRICATION,USE,EQUITY night extrication exercise on a heavy vehicle,2048,1536,830728,2006:10:31 18:50:00,16.1,
/Volumes/AM ARFF/PICS MASTER/rescue/WORK 6.JPG,/Volumes/AM ARFF/PICS MASTER/rescue/ART10-EXTRICATION-equity-exercise-008.jpg,PICS MASTER/rescue,ART10-EXTRICATION,USE,EQUITY night extrication exercise on a heavy vehicle,2048,1536,693456,2006:10:31 18:58:59,15.0,
/Volumes/AM ARFF/PICS MASTER/rescue/WORK 7.JPG,/Volumes/AM ARFF/PICS MASTER/rescue/ART10-EXTRICATION-equity-exercise-009.jpg,PICS MASTER/rescue,ART10-EXTRICATION,USE,EQUITY night extrication exercise on a heavy vehicle,2048,1536,268474,,89.4,
/Volumes/AM ARFF/PICS MASTER/rescue/WORK.JPG,/Volumes/AM ARFF/PICS MASTER/rescue/ART10-EXTRICATION-equity-exercise-010.jpg,PICS MASTER/rescue,ART10-EXTRICATION,USE,EQUITY night extrication exercise on a heavy vehicle,2048,1536,800862,2006:10:31 18:13:33,102.0,
